consumer_id	consumer	class	file	first_line	surface_id	surface	surface_group	matched_name	name_kind	sites
compiler	Compiler	test/dev	crates/vize_atelier_vapor/benches/davinci.rs	35	s0	S0	stage	vize_carton	compat	1
compiler	Compiler	manifest	crates/vize_atelier_vapor/Cargo.toml	12	davinci	Davinci	stage	vize_davinci	preferred	1
compiler	Compiler	manifest	crates/vize_atelier_vapor/Cargo.toml	12	s0	S0	stage	vize_carton	compat	1
compiler	Compiler	manifest	crates/vize_atelier_vapor/Cargo.toml	12	s1	S1	stage	vize_s1	preferred	1
compiler	Compiler	manifest	crates/vize_atelier_vapor/Cargo.toml	12	s2	S2	stage	vize_s2	preferred	1
compiler	Compiler	manifest	crates/vize_atelier_vapor/Cargo.toml	12	s1_to_s2	S1->S2	stage	vize_s1_to_s2	preferred	1
compiler	Compiler	manifest	crates/vize_atelier_vapor/Cargo.toml	12	croquis	Croquis analysis	old	vize_croquis	legacy	1
compiler	Compiler	manifest	crates/vize_atelier_vapor/Cargo.toml	12	raw_oxc	raw OXC	raw	oxc_allocator	raw	1
compiler	Compiler	manifest	crates/vize_atelier_vapor/Cargo.toml	12	raw_oxc	raw OXC	raw	oxc_ast	raw	1
compiler	Compiler	manifest	crates/vize_atelier_vapor/Cargo.toml	12	raw_oxc	raw OXC	raw	oxc_ast_visit	raw	1
compiler	Compiler	manifest	crates/vize_atelier_vapor/Cargo.toml	12	raw_oxc	raw OXC	raw	oxc_parser	raw	1
compiler	Compiler	manifest	crates/vize_atelier_vapor/Cargo.toml	12	raw_oxc	raw OXC	raw	oxc_syntax	raw	1
compiler	Compiler	source	crates/vize_atelier_vapor/src/compile.rs	17	s0	S0	stage	vize_carton	compat	8
compiler	Compiler	source	crates/vize_atelier_vapor/src/compile/entry.rs	7	s0	S0	stage	vize_carton	compat	1
compiler	Compiler	source	crates/vize_atelier_vapor/src/generate.rs	15	s0	S0	stage	vize_carton	compat	1
compiler	Compiler	source	crates/vize_atelier_vapor/src/generate/context.rs	14	s0	S0	stage	vize_carton	compat	1
compiler	Compiler	source	crates/vize_atelier_vapor/src/generate/context/component_resolution.rs	1	s0	S0	stage	vize_carton	compat	1
compiler	Compiler	source	crates/vize_atelier_vapor/src/generate/context/scopes.rs	3	s0	S0	stage	vize_carton	compat	1
compiler	Compiler	source	crates/vize_atelier_vapor/src/generate/destructure.rs	2	s0	S0	stage	vize_carton	compat	1
compiler	Compiler	source	crates/vize_atelier_vapor/src/generate/destructure.rs	2	raw_oxc	raw OXC	raw	oxc_syntax	raw	1
compiler	Compiler	test/dev	crates/vize_atelier_vapor/src/generate/destructure.rs	255	s0	S0	stage	vize_carton	compat	1
compiler	Compiler	source	crates/vize_atelier_vapor/src/generate/entry.rs	7	s0	S0	stage	vize_carton	compat	2
compiler	Compiler	source	crates/vize_atelier_vapor/src/generate/expression_retained.rs	17	s0	S0	stage	vize_carton	compat	1
compiler	Compiler	source	crates/vize_atelier_vapor/src/generate/expression_retained.rs	17	raw_oxc	raw OXC	raw	oxc_allocator	raw	1
compiler	Compiler	source	crates/vize_atelier_vapor/src/generate/expression_retained.rs	17	raw_oxc	raw OXC	raw	oxc_ast_visit	raw	1
compiler	Compiler	source	crates/vize_atelier_vapor/src/generate/expression_retained.rs	17	raw_oxc	raw OXC	raw	oxc_parser	raw	2
compiler	Compiler	source	crates/vize_atelier_vapor/src/generate/expression.rs	1	s0	S0	stage	vize_carton	compat	1
compiler	Compiler	source	crates/vize_atelier_vapor/src/generate/expression.rs	1	raw_oxc	raw OXC	raw	oxc_ast	raw	1
compiler	Compiler	source	crates/vize_atelier_vapor/src/generate/expression.rs	1	raw_oxc	raw OXC	raw	oxc_ast_visit	raw	1
compiler	Compiler	source	crates/vize_atelier_vapor/src/generate/expression.rs	1	raw_oxc	raw OXC	raw	oxc_parser	raw	1
compiler	Compiler	source	crates/vize_atelier_vapor/src/generate/expression.rs	1	raw_oxc	raw OXC	raw	oxc_syntax	raw	1
compiler	Compiler	source	crates/vize_atelier_vapor/src/generate/helpers.rs	5	s0	S0	stage	vize_carton	compat	1
compiler	Compiler	source	crates/vize_atelier_vapor/src/generate/operations.rs	23	s0	S0	stage	vize_carton	compat	1
compiler	Compiler	source	crates/vize_atelier_vapor/src/generate/operations/component_props.rs	3	s0	S0	stage	vize_carton	compat	1
compiler	Compiler	source	crates/vize_atelier_vapor/src/generate/operations/component_slots.rs	2	s0	S0	stage	vize_carton	compat	1
compiler	Compiler	source	crates/vize_atelier_vapor/src/generate/operations/component.rs	3	s0	S0	stage	vize_carton	compat	1
compiler	Compiler	source	crates/vize_atelier_vapor/src/generate/operations/directives.rs	3	s0	S0	stage	vize_carton	compat	5
compiler	Compiler	source	crates/vize_atelier_vapor/src/generate/operations/dom.rs	3	s0	S0	stage	vize_carton	compat	2
compiler	Compiler	source	crates/vize_atelier_vapor/src/generate/operations/events.rs	4	s0	S0	stage	vize_carton	compat	1
compiler	Compiler	source	crates/vize_atelier_vapor/src/generate/operations/for_loop.rs	3	s0	S0	stage	vize_carton	compat	1
compiler	Compiler	test/dev	crates/vize_atelier_vapor/src/generate/operations/for_loop.rs	211	s0	S0	stage	vize_carton	compat	1
compiler	Compiler	source	crates/vize_atelier_vapor/src/generate/operations/if_block.rs	3	s0	S0	stage	vize_carton	compat	1
compiler	Compiler	source	crates/vize_atelier_vapor/src/generate/operations/insertion.rs	2	s0	S0	stage	vize_carton	compat	1
compiler	Compiler	source	crates/vize_atelier_vapor/src/generate/operations/match_scope.rs	9	s0	S0	stage	vize_carton	compat	1
compiler	Compiler	source	crates/vize_atelier_vapor/src/generate/operations/merged_props.rs	7	s0	S0	stage	vize_carton	compat	1
compiler	Compiler	source	crates/vize_atelier_vapor/src/generate/operations/refs.rs	5	s0	S0	stage	vize_carton	compat	1
compiler	Compiler	source	crates/vize_atelier_vapor/src/generate/operations/slots.rs	2	s0	S0	stage	vize_carton	compat	1
compiler	Compiler	source	crates/vize_atelier_vapor/src/generate/setup.rs	4	s0	S0	stage	vize_carton	compat	1
compiler	Compiler	source	crates/vize_atelier_vapor/src/generate/spans.rs	17	s0	S0	stage	vize_carton	compat	1
compiler	Compiler	test/dev	crates/vize_atelier_vapor/src/generate/tests.rs	14	s0	S0	stage	vize_carton	compat	2
compiler	Compiler	source	crates/vize_atelier_vapor/src/generators/block.rs	4	s0	S0	stage	vize_carton	compat	1
compiler	Compiler	source	crates/vize_atelier_vapor/src/generators/component.rs	5	s0	S0	stage	vize_carton	compat	2
compiler	Compiler	source	crates/vize_atelier_vapor/src/generators/directive.rs	6	s0	S0	stage	vize_carton	compat	9
compiler	Compiler	source	crates/vize_atelier_vapor/src/generators/event.rs	5	s0	S0	stage	vize_carton	compat	1
compiler	Compiler	test/dev	crates/vize_atelier_vapor/src/generators/event.rs	108	s0	S0	stage	vize_carton	compat	1
compiler	Compiler	source	crates/vize_atelier_vapor/src/generators/for_node.rs	5	s0	S0	stage	vize_carton	compat	4
compiler	Compiler	source	crates/vize_atelier_vapor/src/generators/generate_text.rs	5	s0	S0	stage	vize_carton	compat	1
compiler	Compiler	source	crates/vize_atelier_vapor/src/generators/if_node.rs	5	s0	S0	stage	vize_carton	compat	2
compiler	Compiler	source	crates/vize_atelier_vapor/src/generators/prop.rs	5	s0	S0	stage	vize_carton	compat	1
compiler	Compiler	source	crates/vize_atelier_vapor/src/ir.rs	10	s0	S0	stage	vize_carton	compat	1
compiler	Compiler	source	crates/vize_atelier_vapor/src/ir/constructors.rs	6	s0	S0	stage	vize_carton	compat	1
compiler	Compiler	source	crates/vize_atelier_vapor/src/ir/control_flow.rs	4	s0	S0	stage	vize_carton	compat	1
compiler	Compiler	source	crates/vize_atelier_vapor/src/ir/events.rs	3	s0	S0	stage	vize_carton	compat	1
compiler	Compiler	source	crates/vize_atelier_vapor/src/lower.rs	11	s0	S0	stage	vize_carton	compat	3
compiler	Compiler	test/dev	crates/vize_atelier_vapor/src/lower.rs	212	s0	S0	stage	vize_carton	compat	1
compiler	Compiler	source	crates/vize_atelier_vapor/src/lower/context.rs	5	s0	S0	stage	vize_carton	compat	1
compiler	Compiler	source	crates/vize_atelier_vapor/src/lower/control.rs	5	s0	S0	stage	vize_carton	compat	1
compiler	Compiler	source	crates/vize_atelier_vapor/src/lower/directive.rs	5	s0	S0	stage	vize_carton	compat	4
compiler	Compiler	source	crates/vize_atelier_vapor/src/lower/element.rs	7	s0	S0	stage	vize_carton	compat	3
compiler	Compiler	source	crates/vize_atelier_vapor/src/lower/element/component/model.rs	6	s0	S0	stage	vize_carton	compat	1
compiler	Compiler	source	crates/vize_atelier_vapor/src/lower/element/component/slots.rs	5	s0	S0	stage	vize_carton	compat	1
compiler	Compiler	source	crates/vize_atelier_vapor/src/lower/element/deferred.rs	4	s0	S0	stage	vize_carton	compat	2
compiler	Compiler	source	crates/vize_atelier_vapor/src/lower/element/template.rs	8	s0	S0	stage	vize_carton	compat	3
compiler	Compiler	source	crates/vize_atelier_vapor/src/lower/text.rs	5	s0	S0	stage	vize_carton	compat	2
compiler	Compiler	source	crates/vize_atelier_vapor/src/s3.rs	13	s0	S0	stage	vize_carton	compat	1
compiler	Compiler	source	crates/vize_atelier_vapor/src/s3.rs	13	s1	S1	stage	vize_s1	preferred	1
compiler	Compiler	test/dev	crates/vize_atelier_vapor/src/s3.rs	144	s1	S1	stage	vize_s1	preferred	1
compiler	Compiler	test/dev	crates/vize_atelier_vapor/src/s3.rs	144	s1_to_s2	S1->S2	stage	vize_s1_to_s2	preferred	1
compiler	Compiler	source	crates/vize_atelier_vapor/src/s3/markup.rs	12	s0	S0	stage	vize_carton	compat	2
compiler	Compiler	test/dev	crates/vize_atelier_vapor/src/s3/markup.rs	120	s0	S0	stage	vize_carton	compat	3
compiler	Compiler	source	crates/vize_atelier_vapor/src/s3/native.rs	8	s0	S0	stage	vize_carton	compat	1
compiler	Compiler	source	crates/vize_atelier_vapor/src/s3/native/emit.rs	22	s0	S0	stage	vize_carton	compat	1
compiler	Compiler	source	crates/vize_atelier_vapor/src/s3/native/emit/bindings.rs	5	s0	S0	stage	vize_carton	compat	1
compiler	Compiler	source	crates/vize_atelier_vapor/src/s3/native/emit/component.rs	5	s0	S0	stage	vize_carton	compat	1
compiler	Compiler	source	crates/vize_atelier_vapor/src/s3/native/emit/control.rs	8	s0	S0	stage	vize_carton	compat	2
compiler	Compiler	source	crates/vize_atelier_vapor/src/s3/native/emit/element.rs	7	s0	S0	stage	vize_carton	compat	1
compiler	Compiler	source	crates/vize_atelier_vapor/src/s3/native/emit/spans.rs	9	s0	S0	stage	vize_carton	compat	1
compiler	Compiler	source	crates/vize_atelier_vapor/src/s3/native/emit/spread.rs	6	s0	S0	stage	vize_carton	compat	1
compiler	Compiler	source	crates/vize_atelier_vapor/src/s3/native/emit/text.rs	6	s0	S0	stage	vize_carton	compat	1
compiler	Compiler	source	crates/vize_atelier_vapor/src/s3/native/validate.rs	18	s0	S0	stage	vize_carton	compat	1
compiler	Compiler	source	crates/vize_atelier_vapor/src/s3/native/validate/attach.rs	7	s0	S0	stage	vize_carton	compat	1
compiler	Compiler	source	crates/vize_atelier_vapor/src/s3/native/validate/attach.rs	7	raw_oxc	raw OXC	raw	oxc_allocator	raw	1
compiler	Compiler	source	crates/vize_atelier_vapor/src/s3/native/validate/component.rs	4	s0	S0	stage	vize_carton	compat	1
compiler	Compiler	source	crates/vize_atelier_vapor/src/s3/native/validate/component.rs	4	raw_oxc	raw OXC	raw	oxc_allocator	raw	1
compiler	Compiler	source	crates/vize_atelier_vapor/src/s3/native/validate/control.rs	9	s0	S0	stage	vize_carton	compat	1
compiler	Compiler	test/dev	crates/vize_atelier_vapor/src/s3/native/validate/ident.rs	135	s0	S0	stage	vize_carton	compat	1
compiler	Compiler	test/dev	crates/vize_atelier_vapor/src/s3/native/validate/ident.rs	135	raw_oxc	raw OXC	raw	oxc_syntax	raw	1
compiler	Compiler	source	crates/vize_atelier_vapor/src/s3/native/validate/model.rs	5	s0	S0	stage	vize_carton	compat	1
compiler	Compiler	source	crates/vize_atelier_vapor/src/s3/native/validate/operands.rs	4	s0	S0	stage	vize_carton	compat	1
compiler	Compiler	source	crates/vize_atelier_vapor/src/s3/native/validate/operands.rs	4	raw_oxc	raw OXC	raw	oxc_allocator	raw	1
compiler	Compiler	source	crates/vize_atelier_vapor/src/s3/native/validate/order.rs	3	s0	S0	stage	vize_carton	compat	1
compiler	Compiler	source	crates/vize_atelier_vapor/src/s3/native/validate/slots.rs	6	s0	S0	stage	vize_carton	compat	1
compiler	Compiler	source	crates/vize_atelier_vapor/src/s3/native/validate/tree.rs	4	s0	S0	stage	vize_carton	compat	1
compiler	Compiler	source	crates/vize_atelier_vapor/src/s3/retained.rs	11	s0	S0	stage	vize_carton	compat	1
compiler	Compiler	source	crates/vize_atelier_vapor/src/s3/retained.rs	11	s2	S2	stage	vize_s2	preferred	1
compiler	Compiler	source	crates/vize_atelier_vapor/src/s3/retained.rs	11	raw_oxc	raw OXC	raw	oxc_allocator	raw	2
compiler	Compiler	source	crates/vize_atelier_vapor/src/s3/templates.rs	7	s0	S0	stage	vize_carton	compat	1
compiler	Compiler	source	crates/vize_atelier_vapor/src/s3/templates.rs	7	s1_to_s2	S1->S2	stage	vize_s1_to_s2	preferred	2
compiler	Compiler	test/dev	crates/vize_atelier_vapor/src/s3/tests.rs	6	s0	S0	stage	vize_carton	compat	4
compiler	Compiler	test/dev	crates/vize_atelier_vapor/src/s3/tests.rs	6	s1	S1	stage	vize_s1	preferred	1
compiler	Compiler	test/dev	crates/vize_atelier_vapor/src/s3/tests.rs	6	s1_to_s2	S1->S2	stage	vize_s1_to_s2	preferred	1
compiler	Compiler	test/dev	crates/vize_atelier_vapor/src/s3/tests/attributes.rs	5	s0	S0	stage	vize_carton	compat	2
compiler	Compiler	test/dev	crates/vize_atelier_vapor/src/s3/tests/attributes.rs	5	s1	S1	stage	vize_s1	preferred	1
compiler	Compiler	test/dev	crates/vize_atelier_vapor/src/s3/tests/attributes.rs	5	s1_to_s2	S1->S2	stage	vize_s1_to_s2	preferred	1
compiler	Compiler	test/dev	crates/vize_atelier_vapor/src/s3/tests/components.rs	5	s0	S0	stage	vize_carton	compat	1
compiler	Compiler	test/dev	crates/vize_atelier_vapor/src/s3/tests/control.rs	5	s0	S0	stage	vize_carton	compat	1
compiler	Compiler	test/dev	crates/vize_atelier_vapor/src/s3/tests/elements.rs	4	s0	S0	stage	vize_carton	compat	1
compiler	Compiler	test/dev	crates/vize_atelier_vapor/src/s3/tests/models.rs	6	s0	S0	stage	vize_carton	compat	1
compiler	Compiler	test/dev	crates/vize_atelier_vapor/src/s3/tests/parser_agreement.rs	15	s0	S0	stage	vize_carton	compat	2
compiler	Compiler	test/dev	crates/vize_atelier_vapor/src/s3/tests/slots.rs	4	s0	S0	stage	vize_carton	compat	1
compiler	Compiler	test/dev	crates/vize_atelier_vapor/src/s3/tests/spreads.rs	10	s0	S0	stage	vize_carton	compat	2
compiler	Compiler	test/dev	crates/vize_atelier_vapor/src/s3/tests/templates.rs	4	s0	S0	stage	vize_carton	compat	1
compiler	Compiler	source	crates/vize_atelier_vapor/src/s3/text.rs	4	s0	S0	stage	vize_carton	compat	2
compiler	Compiler	source	crates/vize_atelier_vapor/src/s3/text.rs	4	s1_to_s2	S1->S2	stage	vize_s1_to_s2	preferred	2
compiler	Compiler	source	crates/vize_atelier_vapor/src/s3/text.rs	4	raw_oxc	raw OXC	raw	oxc_allocator	raw	1
compiler	Compiler	test/dev	crates/vize_atelier_vapor/src/s3/text/tests.rs	3	s0	S0	stage	vize_carton	compat	3
compiler	Compiler	test/dev	crates/vize_atelier_vapor/src/s3/text/tests.rs	3	s1	S1	stage	vize_s1	preferred	2
compiler	Compiler	test/dev	crates/vize_atelier_vapor/src/s3/text/tests.rs	3	s1_to_s2	S1->S2	stage	vize_s1_to_s2	preferred	2
compiler	Compiler	source	crates/vize_atelier_vapor/src/steps/element.rs	5	s0	S0	stage	vize_carton	compat	3
compiler	Compiler	source	crates/vize_atelier_vapor/src/steps/slot.rs	5	s0	S0	stage	vize_carton	compat	1
compiler	Compiler	test/dev	crates/vize_atelier_vapor/src/steps/slot.rs	246	s0	S0	stage	vize_carton	compat	1
compiler	Compiler	source	crates/vize_atelier_vapor/src/steps/text.rs	5	s0	S0	stage	vize_carton	compat	2
compiler	Compiler	test/dev	crates/vize_atelier_vapor/src/steps/text.rs	135	s0	S0	stage	vize_carton	compat	1
compiler	Compiler	source	crates/vize_atelier_vapor/src/steps/v_bind.rs	5	s0	S0	stage	vize_carton	compat	1
compiler	Compiler	test/dev	crates/vize_atelier_vapor/src/steps/v_bind.rs	156	s0	S0	stage	vize_carton	compat	1
compiler	Compiler	source	crates/vize_atelier_vapor/src/steps/v_for.rs	5	s0	S0	stage	vize_carton	compat	1
compiler	Compiler	test/dev	crates/vize_atelier_vapor/src/steps/v_for.rs	151	s0	S0	stage	vize_carton	compat	1
compiler	Compiler	source	crates/vize_atelier_vapor/src/steps/v_if.rs	5	s0	S0	stage	vize_carton	compat	1
compiler	Compiler	test/dev	crates/vize_atelier_vapor/src/steps/v_if.rs	176	s0	S0	stage	vize_carton	compat	1
compiler	Compiler	source	crates/vize_atelier_vapor/src/steps/v_model.rs	5	s0	S0	stage	vize_carton	compat	1
compiler	Compiler	test/dev	crates/vize_atelier_vapor/src/steps/v_model.rs	121	s0	S0	stage	vize_carton	compat	1
compiler	Compiler	source	crates/vize_atelier_vapor/src/steps/v_on.rs	5	s0	S0	stage	vize_carton	compat	1
compiler	Compiler	test/dev	crates/vize_atelier_vapor/src/steps/v_on.rs	166	s0	S0	stage	vize_carton	compat	1
compiler	Compiler	source	crates/vize_atelier_vapor/src/steps/v_show.rs	5	s0	S0	stage	vize_carton	compat	1
compiler	Compiler	source	crates/vize_atelier_vapor/src/tests_davinci_differential.rs	14	s0	S0	stage	vize_carton	compat	1
compiler	Compiler	source	crates/vize_atelier_vapor/src/tests_dotted_slots.rs	13	s0	S0	stage	vize_carton	compat	1
compiler	Compiler	source	crates/vize_atelier_vapor/src/tests_dotted_slots.rs	13	raw_oxc	raw OXC	raw	oxc_allocator	raw	1
compiler	Compiler	source	crates/vize_atelier_vapor/src/tests_dotted_slots.rs	13	raw_oxc	raw OXC	raw	oxc_parser	raw	1
compiler	Compiler	source	crates/vize_atelier_vapor/src/tests_setup_components.rs	11	s0	S0	stage	vize_carton	compat	1
compiler	Compiler	source	crates/vize_atelier_vapor/src/tests_sibling_navigation.rs	23	s0	S0	stage	vize_carton	compat	1
compiler	Compiler	source	crates/vize_atelier_vapor/src/tests_slot_outlets.rs	14	s0	S0	stage	vize_carton	compat	4
compiler	Compiler	source	crates/vize_atelier_vapor/src/tests_slot_outlets.rs	14	raw_oxc	raw OXC	raw	oxc_allocator	raw	1
compiler	Compiler	source	crates/vize_atelier_vapor/src/tests_slot_outlets.rs	14	raw_oxc	raw OXC	raw	oxc_parser	raw	1
compiler	Compiler	source	crates/vize_atelier_vapor/src/tests_source_map.rs	19	s0	S0	stage	vize_carton	compat	1
compiler	Compiler	source	crates/vize_atelier_vapor/src/tests_template_children.rs	11	s0	S0	stage	vize_carton	compat	1
compiler	Compiler	source	crates/vize_atelier_vapor/src/tests_valueless_attr.rs	10	s0	S0	stage	vize_carton	compat	2
compiler	Compiler	source	crates/vize_atelier_vapor/src/tests_valueless_attr.rs	10	raw_oxc	raw OXC	raw	oxc_allocator	raw	1
compiler	Compiler	source	crates/vize_atelier_vapor/src/tests_valueless_attr.rs	10	raw_oxc	raw OXC	raw	oxc_parser	raw	1
compiler	Compiler	test/dev	crates/vize_atelier_vapor/src/tests.rs	4	s0	S0	stage	vize_carton	compat	42
compiler	Compiler	test/dev	crates/vize_atelier_vapor/src/tests.rs	4	raw_oxc	raw OXC	raw	oxc_allocator	raw	1
compiler	Compiler	test/dev	crates/vize_atelier_vapor/src/tests.rs	4	raw_oxc	raw OXC	raw	oxc_parser	raw	1
compiler	Compiler	test/dev	crates/vize_atelier_vapor/tests/davinci_event_handlers/main.rs	27	s0	S0	stage	vize_carton	compat	1
compiler	Compiler	test/dev	crates/vize_atelier_vapor/tests/davinci_event_handlers/scope.rs	3	raw_oxc	raw OXC	raw	oxc_allocator	raw	1
compiler	Compiler	test/dev	crates/vize_atelier_vapor/tests/davinci_event_handlers/scope.rs	3	raw_oxc	raw OXC	raw	oxc_ast	raw	1
compiler	Compiler	test/dev	crates/vize_atelier_vapor/tests/davinci_event_handlers/scope.rs	3	raw_oxc	raw OXC	raw	oxc_ast_visit	raw	1
compiler	Compiler	test/dev	crates/vize_atelier_vapor/tests/davinci_event_handlers/scope.rs	3	raw_oxc	raw OXC	raw	oxc_parser	raw	1
compiler	Compiler	test/dev	crates/vize_atelier_vapor/tests/davinci_expr_reparse_floor.rs	20	s0	S0	stage	vize_carton	compat	1
compiler	Compiler	test/dev	crates/vize_atelier_vapor/tests/davinci_mounted_behavior.rs	20	s0	S0	stage	vize_carton	compat	1
compiler	Compiler	test/dev	crates/vize_atelier_vapor/tests/davinci_mounted_behavior/artifact.rs	163	s0	S0	stage	vize_carton	compat	1
compiler	Compiler	test/dev	crates/vize_atelier_vapor/tests/davinci_mounted_behavior/events.rs	57	s0	S0	stage	vize_carton	compat	2
compiler	Compiler	test/dev	crates/vize_atelier_vapor/tests/davinci_mounted_behavior/native_slots.rs	45	s0	S0	stage	vize_carton	compat	2
compiler	Compiler	test/dev	crates/vize_atelier_vapor/tests/davinci_mounted_behavior/native_templates.rs	85	s0	S0	stage	vize_carton	compat	2
compiler	Compiler	test/dev	crates/vize_atelier_vapor/tests/davinci_mounted_behavior/runtime.rs	9	s0	S0	stage	vize_carton	compat	1
compiler	Compiler	test/dev	crates/vize_atelier_vapor/tests/davinci_s3_compiled_trace.rs	23	s0	S0	stage	vize_carton	compat	1
compiler	Compiler	test/dev	crates/vize_atelier_vapor/tests/davinci_teardown_without_stack_guard.rs	68	s0	S0	stage	vize_carton	compat	1
compiler	Compiler	test/dev	crates/vize_atelier_vapor/tests/davinci_vapor_artifact.rs	13	s0	S0	stage	vize_carton	compat	7
compiler	Compiler	test/dev	crates/vize_atelier_vapor/tests/davinci_vapor_native_budget.rs	18	s0	S0	stage	vize_carton	compat	1
compiler	Compiler	test/dev	crates/vize_atelier_vapor/tests/davinci_vapor_upstream_parity/main.rs	20	s0	S0	stage	vize_carton	compat	1
compiler	Compiler	test/dev	crates/vize_atelier_vapor/tests/davinci_walk_baseline.rs	31	davinci	Davinci	stage	vize_davinci	preferred	1
compiler	Compiler	test/dev	crates/vize_atelier_vapor/tests/davinci_walk_baseline.rs	31	s0	S0	stage	vize_carton	compat	1
compiler	Compiler	test/dev	crates/vize_atelier_vapor/tests/experimental_diagnostics.rs	2	s0	S0	stage	vize_carton	compat	3
compiler	Compiler	test/dev	crates/vize_atelier_vapor/tests/nested_delegate_events.rs	8	s0	S0	stage	vize_carton	compat	1
compiler	Compiler	test/dev	crates/vize_atelier_vapor/tests/patterned_template_grammar.rs	11	s0	S0	stage	vize_carton	compat	1
compiler	Compiler	test/dev	crates/vize_atelier_vapor/tests/patterned_template_recovery.rs	14	s0	S0	stage	vize_carton	compat	1
compiler	Compiler	test/dev	crates/vize_atelier_vapor/tests/patterned_template_runtime.rs	25	s0	S0	stage	vize_carton	compat	1
