commit	subject	status	fixture	remaining
d59acf245cb52694df5f8e8536b223a705d732d6	fix(canon): retain query revision mappings across live roots	pending-response-audit	-	No complete response fixture established by this slice; inspect scoped changes and existing witnesses.
f364b97274eba467295e2dbf1007018be6b4ffd1	fix(maestro): deduplicate authored JSX navigation results	pending-response-audit	-	No complete response fixture established by this slice; inspect scoped changes and existing witnesses.
4f8cef915cd56e662b5ecce19bad20a1b1f0c39b	fix(maestro): map JSX navigation to authored project files	pending-response-audit	-	No complete response fixture established by this slice; inspect scoped changes and existing witnesses.
21fbf06a5908a70fe8602ca7362fccdd7110415b	fix(resident): preserve prop catalogs and authored defaults	pending-response-audit	-	No complete response fixture established by this slice; inspect scoped changes and existing witnesses.
049358b200baa82d99b04c40f95aa68d0e8fae7c	fix(resident): retain scoped public interfaces across editor revisions	pending-response-audit	-	No complete response fixture established by this slice; inspect scoped changes and existing witnesses.
5e5630804e61697ae2074ec5bedae06d17134da1	fix(maestro): join the panic-free workspace lints (#6462)	pending-response-audit	-	No complete response fixture established by this slice; inspect scoped changes and existing witnesses.
8e6f6377ce5b14bbd0fdf56e41c7d8c2076880cd	fix(maestro): eliminate panic paths in completion, inlay hints and selection ranges (#6452)	pending-response-audit	-	No complete response fixture established by this slice; inspect scoped changes and existing witnesses.
1fe8315f5eea8d7d7cbf7a0b2a1db6d816b476d1	fix(maestro): eliminate panic paths in ecosystem, diagnostics and code actions (#6451)	pending-response-audit	-	No complete response fixture established by this slice; inspect scoped changes and existing witnesses.
ff1b322d28f00066701356446608010a8674b11b	fix(maestro): eliminate panic paths in semantic tokens (#6443)	pending-response-audit	-	No complete response fixture established by this slice; inspect scoped changes and existing witnesses.
46dfdd549d72c1cf6fa7afa2ce91b7894fabcd09	fix(maestro): eliminate panic paths in definition, hover and type service (#6436)	pending-response-audit	-	No complete response fixture established by this slice; inspect scoped changes and existing witnesses.
044e518c22a7d72fb6b3ccc3d0c8361f816019a9	fix(maestro): eliminate panic paths in server, runtime and virtual code (#6434)	pending-response-audit	-	No complete response fixture established by this slice; inspect scoped changes and existing witnesses.
816db89fa9a95d479894d690c7faa63f9276c962	fix(patina): resolve typed UI template bindings (#6411)	pending-response-audit	-	No complete response fixture established by this slice; inspect scoped changes and existing witnesses.
169210cd797d002e0459228e6bdf55fbc0d9b6b8	fix(davinci): clear remaining main validation failures (#6409)	pending-response-audit	-	No complete response fixture established by this slice; inspect scoped changes and existing witnesses.
3a2fd80a314ae1c644af30bed1419855b2133c1e	fix(davinci): restore post-integration type and contract checks (#6406)	pending-response-audit	-	No complete response fixture established by this slice; inspect scoped changes and existing witnesses.
beb84df46db611f6bf017fa6803af8cf84e6d59e	fix(davinci): clear the required checks from the integration squash (#6403)	pending-response-audit	-	No complete response fixture established by this slice; inspect scoped changes and existing witnesses.
a75c629c5c948885f7ffe2216f044a1a6c5e2851	fix(davinci): validate slot spreads and reduce compiler overhead (#6398)	pending-response-audit	-	No complete response fixture established by this slice; inspect scoped changes and existing witnesses.
ce3a418977252b87cc7262b857fe640d35158c97	fix(maestro): reuse resident SFCs for typed editor requests (#6396)	pending-response-audit	-	No complete response fixture established by this slice; inspect scoped changes and existing witnesses.
33afda2db5de18d43d4d1ee5d965da7cede1bd3c	fix(lsp): survive an editor closing the server's stderr pipe (#6321)	pending-response-audit	-	No complete response fixture established by this slice; inspect scoped changes and existing witnesses.
a8b17f73b36814081df0fad7c2e8b1712f685aa9	fix(lsp): preserve Unicode line boundaries during incremental edits (#6276)	pending-response-audit	-	No complete response fixture established by this slice; inspect scoped changes and existing witnesses.
4b79fe030265ee66aecb82f8698e68c6f8e58370	fix(maestro): preserve project call hierarchy across script and Vue sources (#6272)	pending-response-audit	-	No complete response fixture established by this slice; inspect scoped changes and existing witnesses.
215ca5706f402ed831a3bac0166e96cbc21da286	fix(tooling)!: enforce upstream diagnostic and dependency contracts (#6260)	pending-response-audit	-	No complete response fixture established by this slice; inspect scoped changes and existing witnesses.
0bd36715d4ecbb448630157c7ce233b60e142362	fix(tooling): preserve native edits and upstream pattern contracts (#6254)	pending-response-audit	-	No complete response fixture established by this slice; inspect scoped changes and existing witnesses.
66aae15e42872c314d508137548587b5386ba618	fix(lsp): preserve lexical identity without the native checker (#6246)	external-pack-prepared	1da2c5282a66693354c11929b5efab151140ee5e	Two lexical LF/CRLF observer packs exist on the identified local commit; not active on this baseline and not whole-fix closure.
2b0a8604c1d33afa766153b9fcb11292b9ecf95e	fix(tooling): preserve exported symbol identity and authored spans (#6237)	pending-response-audit	-	No complete response fixture established by this slice; inspect scoped changes and existing witnesses.
bd8fff6f6c186f3efd072eb7d81431e00e1a9994	fix(tooling): preserve match guard comments and backend coordinates (#6229)	pending-response-audit	-	No complete response fixture established by this slice; inspect scoped changes and existing witnesses.
cf02a0debca63d5119e3bbd2b1bda9a692f194be	fix(maestro): preserve checker diagnostics without speculative ref hints (#6214)	pending-response-audit	-	No complete response fixture established by this slice; inspect scoped changes and existing witnesses.
8fd82f7e75d5eea334e767303fe762948b77c067	fix(maestro): preserve patterned template symbol identity (#6207)	pending-response-audit	-	No complete response fixture established by this slice; inspect scoped changes and existing witnesses.
9ff23eb19c0f22bc1b449bd7eb5c2fcdda74f57d	fix(maestro): preserve script completion at block boundaries (#6205)	pending-response-audit	-	No complete response fixture established by this slice; inspect scoped changes and existing witnesses.
7413782f199fa228b1155c3e9398cb68d55f8d15	fix(maestro): keep Unicode diagnostics alive during logging (#6198)	pending-response-audit	-	No complete response fixture established by this slice; inspect scoped changes and existing witnesses.
df757956e0a80b41de17187a97956d5c9be1c029	fix(maestro): resolve checker completion documentation (#6181)	pending-response-audit	-	No complete response fixture established by this slice; inspect scoped changes and existing witnesses.
d87ae35bf83652a4ae3bdffb1a71f76ddfd4e620	fix(maestro): preserve authored inline template code actions (#6174)	pending-response-audit	-	No complete response fixture established by this slice; inspect scoped changes and existing witnesses.
f94ec36a0747bd22447f78a8e206aca360cf43d1	fix(maestro): preserve document versions across canonical rename queries (#6158)	pending-response-audit	-	No complete response fixture established by this slice; inspect scoped changes and existing witnesses.
4b889011a1f6cdea06aac9ef1779a048d2518b74	fix(typechecker): align real project parity (#5967)	pending-response-audit	-	No complete response fixture established by this slice; inspect scoped changes and existing witnesses.
d4c05ee736862e678ff8b7cac8a728d80f2193c0	fix(canon): align generated public instance contracts (#6027)	pending-response-audit	-	No complete response fixture established by this slice; inspect scoped changes and existing witnesses.
9193b13ca62af15076609a3a8d7e2405b5df98d1	fix(canon): support Vue 2.7 render h SFC constructors (#6020)	pending-response-audit	-	No complete response fixture established by this slice; inspect scoped changes and existing witnesses.
c0dae2112cf5ddf351946882af19b5ede2f76407	fix(typechecker): align element-plus parity (#5965)	pending-response-audit	-	No complete response fixture established by this slice; inspect scoped changes and existing witnesses.
788000753c5c6bab73faedebc979a18d6db735e2	fix(typechecker): improve real project parity (#5962)	pending-response-audit	-	No complete response fixture established by this slice; inspect scoped changes and existing witnesses.
403aab0e4c53ed03d2393d31392303eec120cb3f	fix(lsp): dedupe auto-insert configuration sections (#5879)	pending-response-audit	-	No complete response fixture established by this slice; inspect scoped changes and existing witnesses.
6769bfb5bbd1d30df0cc76c45508718386920993	fix(maestro): route JSX declaration navigation	pending-response-audit	-	No complete response fixture established by this slice; inspect scoped changes and existing witnesses.
00b6fd3939ed3f1c77e1a342215849644f64aded	fix(typecheck): unwrap defineModel refs in templates (#5847)	pending-response-audit	-	No complete response fixture established by this slice; inspect scoped changes and existing witnesses.
0f8fecde36734640f40ffe64f3b2915321b184e0	fix(maestro): gate implementation requests on type checking (#5833)	pending-response-audit	-	No complete response fixture established by this slice; inspect scoped changes and existing witnesses.
9c4486bdb6ab0fa4800c7ab856a31bc5c4c84aad	fix(maestro): evict tracked vue descendants on directory events (#5828)	pending-response-audit	-	No complete response fixture established by this slice; inspect scoped changes and existing witnesses.
d7796777839f961aa97d1a55397ad4e2d0372a31	fix(canon): accept global attrs on generic components	pending-response-audit	-	No complete response fixture established by this slice; inspect scoped changes and existing witnesses.
447716ebc8a2d52e810d2be1de6a8166a95e4c32	fix(lsp): ignore inactive imports in document links (#5792)	selected-response-prepared	tests/_fixtures/differential/lsp/inactive-imports/case.json	Dated source Actions 36308258992 passed the selected response; full-wire/shared-runner registration and other changes in this fix remain pending.
91754f691b70884a7b1723fb723388485b2ed54b	fix(typecheck): align withDefaults macro inference (#5763)	pending-response-audit	-	No complete response fixture established by this slice; inspect scoped changes and existing witnesses.
f647dbb6698c3125e95c12ed1c5d947d08f600b0	fix(typecheck): preserve undefined boolean defaults	pending-response-audit	-	No complete response fixture established by this slice; inspect scoped changes and existing witnesses.
427e3cd92ad3e5abaf6386803aacae3c8d82a869	fix(lsp): locate workspace emit symbols at declarations (#5758)	pending-response-audit	-	No complete response fixture established by this slice; inspect scoped changes and existing witnesses.
c0769cc9857c2099c4b311e3240a0181c2946542	fix(maestro): gate type-definition navigation on typecheck (#5730)	pending-response-audit	-	No complete response fixture established by this slice; inspect scoped changes and existing witnesses.
9bf9ee47adb4da3a29eb049c18588d4f917a440c	fix(typecheck): align real-project divergence baselines (#5724)	pending-response-audit	-	No complete response fixture established by this slice; inspect scoped changes and existing witnesses.
c220f47b65134eee36851c7841b1e8d5567eafe4	fix(canon): guard vue public instance helpers (#5672)	pending-response-audit	-	No complete response fixture established by this slice; inspect scoped changes and existing witnesses.
bea75982f417ea35b656fbe404f640653f462ee4	fix(patina): run configured musea design token lint (#5612)	pending-response-audit	-	No complete response fixture established by this slice; inspect scoped changes and existing witnesses.
5b82f9f6edd3cdbeb88d28f4a1b797cb4f36b540	fix(patina): support casing rule options (#5642)	pending-response-audit	-	No complete response fixture established by this slice; inspect scoped changes and existing witnesses.
c7c1af64c4929c35aae6c0df33affb549a82624a	fix(maestro): point LSP typecheck guidance at TypeScript 7 (#5551)	pending-response-audit	-	No complete response fixture established by this slice; inspect scoped changes and existing witnesses.
2c5b4f30506d979b80d1525c1791882fb577434a	fix(maestro): resolve dotted basename imports (#5502)	pending-response-audit	-	No complete response fixture established by this slice; inspect scoped changes and existing witnesses.
c200b692c480607e7555cddf3966bd0705746f7a	fix(lsp): fail fast on deleted component import targets (#5384)	pending-response-audit	-	No complete response fixture established by this slice; inspect scoped changes and existing witnesses.
b1b030fc945383564c0cf2699700a0047e29c989	fix(canon): map slot outlet payload names (#5005)	pending-response-audit	-	No complete response fixture established by this slice; inspect scoped changes and existing witnesses.
13bcf1ba4ddb588b79296623f259c310a1bab2b5	fix(canon): honor tsc -p file sets for referenced workspaces and accept real HTML attrs in strict prop checks (#4992)	pending-response-audit	-	No complete response fixture established by this slice; inspect scoped changes and existing witnesses.
09b4ddde76ed21942c0e302e7b2d4d8da289eaf1	fix(canon): allow open native-root fallthrough attrs (#4920)	pending-response-audit	-	No complete response fixture established by this slice; inspect scoped changes and existing witnesses.
7fc7a61f6b742d089dffe0ce8659b3160f605ce5	fix(lsp): keep workspace symbols responsive after file events (#4687)	pending-response-audit	-	No complete response fixture established by this slice; inspect scoped changes and existing witnesses.
f5d9d1ba2726ce67f2b23a73658f5d5afbc21ee1	fix(maestro): surface re-exported component prop hovers	pending-response-audit	-	No complete response fixture established by this slice; inspect scoped changes and existing witnesses.
bdca84dd4b771acf0c5c535108f4d6d63ee1c9f4	fix(maestro): resolve static template refs	pending-response-audit	-	No complete response fixture established by this slice; inspect scoped changes and existing witnesses.
8ab913e8d771cb6762760bffdcb59582f8645e03	fix(maestro): anchor fallthrough diagnostics in templates (#4635)	pending-response-audit	-	No complete response fixture established by this slice; inspect scoped changes and existing witnesses.
b33feb1c6c8bce110dc9fe6d4d5f9609d0a93043	fix(maestro): resolve component event contracts	pending-response-audit	-	No complete response fixture established by this slice; inspect scoped changes and existing witnesses.
119a5d69d33afeb0d753e9b241e7d284a6f771bf	fix(maestro): show vue import contract hovers	pending-response-audit	-	No complete response fixture established by this slice; inspect scoped changes and existing witnesses.
9cf96648ddacfb588eae28c9401dc6c5ed4570e3	fix(maestro): resolve v-slot template scope hovers	pending-response-audit	-	No complete response fixture established by this slice; inspect scoped changes and existing witnesses.
f5195c55285b5986e8c5f19b8cfca1f390888b6d	fix(maestro): resolve v-for template scope hovers (#4629)	pending-response-audit	-	No complete response fixture established by this slice; inspect scoped changes and existing witnesses.
9fd9d72424d4959c18e05b5f589039f92134f6c1	fix(maestro): infer fallback reactive hovers from declarations (#4628)	pending-response-audit	-	No complete response fixture established by this slice; inspect scoped changes and existing witnesses.
585c4b242709374d50dd28eff1332133f94ee6b0	fix(maestro): infer literal ref fallback types (#4626)	pending-response-audit	-	No complete response fixture established by this slice; inspect scoped changes and existing witnesses.
00cc1157abb20d7de41cf73163e6c1aa8657aaa0	fix(maestro): describe re-exported component hovers (#4615)	pending-response-audit	-	No complete response fixture established by this slice; inspect scoped changes and existing witnesses.
f8e750c187c99e1b1899d3fc76f81a751199acd5	fix(maestro): describe imported component hovers (#4608)	pending-response-audit	-	No complete response fixture established by this slice; inspect scoped changes and existing witnesses.
59767e4ee006d5211718aae515a7d124a9e4ecc0	fix(maestro): resolve re-exported component navigation (#4611)	pending-response-audit	-	No complete response fixture established by this slice; inspect scoped changes and existing witnesses.
e05e903eaa130a1fb61a7413faee812c3d713460	fix(maestro): resolve component v-model navigation (#4607)	pending-response-audit	-	No complete response fixture established by this slice; inspect scoped changes and existing witnesses.
ce8eae99b0981377f73239429d6d65896b59f371	fix(maestro): resolve component slot navigation (#4606)	pending-response-audit	-	No complete response fixture established by this slice; inspect scoped changes and existing witnesses.
25fa051ae921c66e020d8e92e93da172981d0052	fix(maestro): prefer authored component hovers (#4602)	pending-response-audit	-	No complete response fixture established by this slice; inspect scoped changes and existing witnesses.
8befe402174caab7019c3cc4c17a86571af1a175	fix(canon): surface authored script diagnostics (#4595)	pending-response-audit	-	No complete response fixture established by this slice; inspect scoped changes and existing witnesses.
36cea242982dcc54da2728ee896df3d06e3c4c48	fix(canon): anchor fallthrough diagnostics to template (#4594)	pending-response-audit	-	No complete response fixture established by this slice; inspect scoped changes and existing witnesses.
370332bd613c94fdba44d2d5687294437fd6a20c	fix(lsp): keep references after empty canonical hits (#4574)	pending-response-audit	-	No complete response fixture established by this slice; inspect scoped changes and existing witnesses.
44a0d4a51b5cc78cd96d1ad0c5d2aed259d73082	fix(lsp): resolve Nuxt aliases before generated config (#4573)	pending-response-audit	-	No complete response fixture established by this slice; inspect scoped changes and existing witnesses.
d92e45b0d4d5959233bf88ec1be6767e9fd61fd0	fix(maestro): rename component props across templates (#4534)	pending-response-audit	-	No complete response fixture established by this slice; inspect scoped changes and existing witnesses.
708c64e8ff932ae9d7573b3498f4cfe656691931	fix(maestro): harden component prop references (#4533)	pending-response-audit	-	No complete response fixture established by this slice; inspect scoped changes and existing witnesses.
4bd6ca589ee3ee07d58fdbc721f0ebb076fd3aa4	fix(maestro): bound component prop reference fanout (#4532)	pending-response-audit	-	No complete response fixture established by this slice; inspect scoped changes and existing witnesses.
0b3e32318d609bae0e91839d9fff5707ca97acbc	fix(maestro): find component prop references across files (#4531)	pending-response-audit	-	No complete response fixture established by this slice; inspect scoped changes and existing witnesses.
1bcafef051e03f162ba08d0322f4600d4e2dd231	fix(maestro): isolate excluded reference queries	pending-response-audit	-	No complete response fixture established by this slice; inspect scoped changes and existing witnesses.
0c52c111e29ab915b9e70101716e8b28824c7059	fix(maestro): preserve closed-file reference sources	pending-response-audit	-	No complete response fixture established by this slice; inspect scoped changes and existing witnesses.
972af46d436a800a7e2de0edbf4dc3e2703745dd	fix(maestro): search closed project Vue files	pending-response-audit	-	No complete response fixture established by this slice; inspect scoped changes and existing witnesses.
6579045311b7d4d00d2e8b0e5378466c18091b10	fix(maestro): reject deleted import alias definitions (#4522)	pending-response-audit	-	No complete response fixture established by this slice; inspect scoped changes and existing witnesses.
2b56b13edcce4c485cbee8f652f9cd538f8afda2	fix(canon): share tsgo editor project state	pending-response-audit	-	No complete response fixture established by this slice; inspect scoped changes and existing witnesses.
0fd57ff91558f72568c34f401edd634de3fceced	fix(maestro): link art templates to typed script context	pending-response-audit	-	No complete response fixture established by this slice; inspect scoped changes and existing witnesses.
c39a8c4dee32f8c5b2c9cf550e6ccf6c5a120db1	fix(canon): skip unscoped JSX v-slot patterns in the directive walk (#4254)	pending-response-audit	-	No complete response fixture established by this slice; inspect scoped changes and existing witnesses.
417504f08a779fb6715410ba813d4667af4d15e0	fix(canon): preserve component props in TSX and JSX (#4252)	pending-response-audit	-	No complete response fixture established by this slice; inspect scoped changes and existing witnesses.
b1cfcd4c1ff8beee810a1e4879a456fbb74df09d	fix(maestro): link every art variant to the typed script context (#4249)	pending-response-audit	-	No complete response fixture established by this slice; inspect scoped changes and existing witnesses.
4a6d20cd9f5b59f80b3c9c1d3bafc97fbac72a09	fix(patina): match eslint-plugin-vue block order in vue/sfc-element-order (#4229)	pending-response-audit	-	No complete response fixture established by this slice; inspect scoped changes and existing witnesses.
d6c1ab1fb2c5a7c8b01cc6aa6d46bbf4e071a6f3	fix(canon): use deterministic Corsa LSP framing (#4161)	pending-response-audit	-	No complete response fixture established by this slice; inspect scoped changes and existing witnesses.
5a9cf00d8223041f522feed805c2c517ca1c0088	fix(maestro): synchronize editor queries with document generations (#4152)	pending-response-audit	-	No complete response fixture established by this slice; inspect scoped changes and existing witnesses.
fa66155b296d9011b98c7855a9024dd6abc3f641	fix(canon): scope bare package Vue identity per importer (#4137)	pending-response-audit	-	No complete response fixture established by this slice; inspect scoped changes and existing witnesses.
2c0c078b803b517687deadecfc24a5c959d61145	fix(maestro): isolate concurrent Corsa rename sessions (#4132)	pending-response-audit	-	No complete response fixture established by this slice; inspect scoped changes and existing witnesses.
fb462face5f1d1827b70cd0a0167ce25f661e50a	fix(glyph): preserve template runtime semantics (#4123)	pending-response-audit	-	No complete response fixture established by this slice; inspect scoped changes and existing witnesses.
d5e518eab2c5dd541a33e2cbb3bb307004a4c6f3	fix(canon): route workspace package Vue exports in editor (#4100)	pending-response-audit	-	No complete response fixture established by this slice; inspect scoped changes and existing witnesses.
a2631ed4e6dc09606963744ded94223738ced2e5	fix(maestro): restore non-native feature build (#4094)	pending-response-audit	-	No complete response fixture established by this slice; inspect scoped changes and existing witnesses.
d3ea28fa51184470bb528453450f78741c20a578	fix(maestro): member access detection follows identifier characters, not ASCII bytes (#3920)	pending-response-audit	-	No complete response fixture established by this slice; inspect scoped changes and existing witnesses.
ac1b99f8c231f52f62d9efb69a3a7f4f038f82aa	fix(maestro): anchor tsconfig paths on baseUrl and resolve alias barrels (#3922)	pending-response-audit	-	No complete response fixture established by this slice; inspect scoped changes and existing witnesses.
dc7f298ee2f6093855b26fad644ec4da1e5920e0	fix(maestro): carry the exported name across import and re-export alias hops (#3938)	pending-response-audit	-	No complete response fixture established by this slice; inspect scoped changes and existing witnesses.
831ba3528ee0b8056bca31e32cb9b110938a747c	fix(maestro): keep Vue API and macro extras out of member-access completion (#3936)	pending-response-audit	-	No complete response fixture established by this slice; inspect scoped changes and existing witnesses.
2922f41335b5990aead434832a1f6dc5dc83966d	fix(maestro): resolve component-tag definition through paths aliases and barrels (#3935)	pending-response-audit	-	No complete response fixture established by this slice; inspect scoped changes and existing witnesses.
014a2912fa3a631343b28f8fb6dfc739cf6385b2	fix(maestro): watched dependency changes refresh open importers (#3921)	pending-response-audit	-	No complete response fixture established by this slice; inspect scoped changes and existing witnesses.
6a4cf395a53eddd68b2f817f71d4726035ac3789	fix(maestro): file renames re-spell paths-aliased imports (#3919)	pending-response-audit	-	No complete response fixture established by this slice; inspect scoped changes and existing witnesses.
5674c0937e07f67bf819b3f2b63d999ed9647e97	fix(canon/maestro): template completion answers through the checker (#3913)	pending-response-audit	-	No complete response fixture established by this slice; inspect scoped changes and existing witnesses.
5dbb4803fdea6d47c50b3d92aac485eabfc718eb	fix(maestro): a component tag hovers as its import, not the machinery (#3914)	pending-response-audit	-	No complete response fixture established by this slice; inspect scoped changes and existing witnesses.
31eecf0427b56b8221290e16ec73022d73633f9b	fix(canon/maestro): a v-for alias hovers as its const at the declaration too (#3909)	pending-response-audit	-	No complete response fixture established by this slice; inspect scoped changes and existing witnesses.
791a5a002a9e93ac1fb01b193dc06a6869272f3e	fix(maestro): hover opens with the signature and the authored keyword (#3907)	pending-response-audit	-	No complete response fixture established by this slice; inspect scoped changes and existing witnesses.
147c8e355553c5040a1f9a966c2f27c065a616c6	fix(maestro): build the fallback rename from references, not a textual sweep (#3899)	external-pack-prepared	8dd742e62b47d5767778cd7fcb8420ec83e1970b	Provider observer pack exists on the identified local commit; not active on this baseline and not whole-fix closure.
0c12d43752d00d41b63b951c447dd2dc73b75c70	fix(maestro): honor requested code action kinds (#3853)	pending-response-audit	-	No complete response fixture established by this slice; inspect scoped changes and existing witnesses.
9fceff289e3feaeb92449cebb40c291e6989a71a	fix(maestro): track on-disk Vue file lifecycle (#3816)	pending-response-audit	-	No complete response fixture established by this slice; inspect scoped changes and existing witnesses.
759c3fb51f65803de84e37d0836694cfbb8768fe	fix(maestro): honor in-flight request cancellation (#3809)	pending-response-audit	-	No complete response fixture established by this slice; inspect scoped changes and existing witnesses.
7bebef6ef5275652bdf4bcf54474f89f608f1678	fix(maestro): revalidate runtime workspace folder changes (#3805)	pending-response-audit	-	No complete response fixture established by this slice; inspect scoped changes and existing witnesses.
38be3a0c5fa0742e2dad00c6d753f56732ce7780	fix(maestro): revalidate watched declaration diagnostics (#3798)	pending-response-audit	-	No complete response fixture established by this slice; inspect scoped changes and existing witnesses.
6dd7aca0cad799892589ae2bc5bfd077bb3fe6b5	fix(maestro): terminate stdio server after LSP exit notification (#3697)	pending-response-audit	-	No complete response fixture established by this slice; inspect scoped changes and existing witnesses.
4ed90a55eb09ae1a8af7af940056965061c00993	fix(atelier): align block locations to content offsets (#3631)	pending-response-audit	-	No complete response fixture established by this slice; inspect scoped changes and existing witnesses.
4d04bc3e53acfddf835f2db70e613abe85ce8df4	fix(maestro): ignore CRLF carriage returns when pairing on-type lines (#3603)	selected-response-prepared	tests/_fixtures/differential/lsp/on-type-crlf/case.json	Fresh-source Actions and full-wire/shared-runner registration remain pending; inspect other changes in this fix.
5fda5ef7efbaf3ac62b2daf8bea25936aaba7b8b	fix(canon): reject authored SFC mirror paths (#3565)	pending-response-audit	-	No complete response fixture established by this slice; inspect scoped changes and existing witnesses.
21e5bd408bfdf22f0c043f1e0c50d92f4055479a	fix(croquis)!: type-check the v-bind="object" prop spread (#3526)	pending-response-audit	-	No complete response fixture established by this slice; inspect scoped changes and existing witnesses.
55a6b949d217080b986acda36a835719907dc09c	fix(maestro): align completion trigger characters with the Vue Language Server (#3487)	pending-response-audit	-	No complete response fixture established by this slice; inspect scoped changes and existing witnesses.
89771a14f17fb535201f261ca154aa35c6f77d7e	fix(maestro): fold template elements and stop before the closing tag (#3476)	pending-response-audit	-	No complete response fixture established by this slice; inspect scoped changes and existing witnesses.
ddef7d9268425346f5b01b3da5ed592eb544b6dc	fix(maestro): highlight the matching tag pair, not every same-named tag (#3471)	pending-response-audit	-	No complete response fixture established by this slice; inspect scoped changes and existing witnesses.
e23b4d234ea053de78718229febc0920c43b163e	fix(maestro): drop the virtual-docs shard guard before awaiting (#3429)	pending-response-audit	-	No complete response fixture established by this slice; inspect scoped changes and existing witnesses.
5d13be45398f268e476710dc1c212af4cab0fc2c	fix(maestro): bound Corsa bridge requests where they actually block (#3386)	pending-response-audit	-	No complete response fixture established by this slice; inspect scoped changes and existing witnesses.
ab43bbd4fd5ffd036e74e32865b76c7d876ebe9c	fix(maestro): release the document lock before awaiting a diagnostics pass (#3373)	pending-response-audit	-	No complete response fixture established by this slice; inspect scoped changes and existing witnesses.
fc2ac9a4e1622d03ddf9dcc690a689d21d3f05c0	fix(maestro): answer template hovers from the live type backend (#3349)	pending-response-audit	-	No complete response fixture established by this slice; inspect scoped changes and existing witnesses.
1ace1157e7967bbbd5266552c35de76c3524e0c9	fix(canon): resolve relative extensionless .vue imports (#3336)	pending-response-audit	-	No complete response fixture established by this slice; inspect scoped changes and existing witnesses.
a8f48a1264dcb5636b2b2dfb2b1dbcc3691a2f5a	fix(maestro): map textDocument/references results to authored ranges (#3333)	pending-response-audit	-	No complete response fixture established by this slice; inspect scoped changes and existing witnesses.
6430d76e92746646a5b363be1c0209afb1a0a931	fix(maestro): keep guessed diagnostic ranges inside the authored document (#3299) (#3316)	pending-response-audit	-	No complete response fixture established by this slice; inspect scoped changes and existing witnesses.
c47831e0438f8a030f9e1b6d71431cccbb23bbf5	fix(maestro): derive legacy Vue lowering from the configured dialect (#3297) (#3314)	pending-response-audit	-	No complete response fixture established by this slice; inspect scoped changes and existing witnesses.
aec607d66fb51ad50769c0b571b38e186eb832eb	fix(maestro): keep prop inlay hints out of literal text (#3212)	pending-response-audit	-	No complete response fixture established by this slice; inspect scoped changes and existing witnesses.
1acad3cafdff185d4a4f3fa5f23166ef3c4840b1	fix(canon): map batch diagnostics through exact-expression sub-spans (#3201)	pending-response-audit	-	No complete response fixture established by this slice; inspect scoped changes and existing witnesses.
0f835fead61e71a3efb6cdcdbf84b5fa38121cbd	fix(sfc): reject setup-local macro references (#3074)	pending-response-audit	-	No complete response fixture established by this slice; inspect scoped changes and existing witnesses.
242557debdc6f86c01d91b8d0afa68c76e0200eb	fix(lsp): honor configured template globals (#3021)	pending-response-audit	-	No complete response fixture established by this slice; inspect scoped changes and existing witnesses.
0a47371487f584b71c27eb5d43250367c388ea2a	fix(lsp): refresh VitePress declaration diagnostics (#3017)	pending-response-audit	-	No complete response fixture established by this slice; inspect scoped changes and existing witnesses.
1dda271d36a977f1965088fecd841145e6a6d36d	fix(lsp): load Nuxt ambient declarations (#3016)	pending-response-audit	-	No complete response fixture established by this slice; inspect scoped changes and existing witnesses.
37d5c18c2af7f0d75e225b77250e0a4e677570e6	fix(lsp): harden global component cache invalidation (#3015)	pending-response-audit	-	No complete response fixture established by this slice; inspect scoped changes and existing witnesses.
a0e0efd776d16ed02c659ee58c3bc41f041ba299	fix(lsp): refresh global component declarations (#3013)	pending-response-audit	-	No complete response fixture established by this slice; inspect scoped changes and existing witnesses.
22a49aca2fb9331217d59511fbd6cf4f2414cd04	fix(lsp): resolve ambient global slot components (#3011)	pending-response-audit	-	No complete response fixture established by this slice; inspect scoped changes and existing witnesses.
d7e2bbc44b4ee6f9b34ac2e690f37fb7b00ad4cb	fix(lsp): preserve diagnostic range ends (#3010)	pending-response-audit	-	No complete response fixture established by this slice; inspect scoped changes and existing witnesses.
d01f6b1d7384cd296eb3d87ec3750c7db1616c93	fix(lsp): respect package export condition blocking	pending-response-audit	-	No complete response fixture established by this slice; inspect scoped changes and existing witnesses.
67c4b310ff3c7435cd320e7cd286054801066a73	fix(lsp): harden package import resolution	pending-response-audit	-	No complete response fixture established by this slice; inspect scoped changes and existing witnesses.
542cfd95c3208478acc4d38f3528f75ff09525bb	fix(lsp): refresh package export dependents	pending-response-audit	-	No complete response fixture established by this slice; inspect scoped changes and existing witnesses.
48ed58698766af52d664c4da876b9a18d3a5b256	fix(lsp): resolve package import definitions (#3001)	pending-response-audit	-	No complete response fixture established by this slice; inspect scoped changes and existing witnesses.
22a034cb99ff4ca109cee5286f50f1722e34b68d	fix(lsp): preserve mapping end boundaries (#2976)	pending-response-audit	-	No complete response fixture established by this slice; inspect scoped changes and existing witnesses.
fa98cd8e728c94c923429d56e3b8326bd5f22eac	fix(lsp): map component prop diagnostics exactly (#2975)	pending-response-audit	-	No complete response fixture established by this slice; inspect scoped changes and existing witnesses.
e19cb37379835985df55be8fc24c160dce4a5f23	fix(lsp): preserve type diagnostic codes (#2973)	pending-response-audit	-	No complete response fixture established by this slice; inspect scoped changes and existing witnesses.
7ce1bed3b99fcff3be32a2e111204020c833dfbb	fix(lsp): refresh dependent component diagnostics (#2907)	pending-response-audit	-	No complete response fixture established by this slice; inspect scoped changes and existing witnesses.
836e2b94ad77242a87bf773ed597a4b3fc1287f0	fix(lsp): complete props from open component buffers (#2908)	pending-response-audit	-	No complete response fixture established by this slice; inspect scoped changes and existing witnesses.
8fcd66625a7ecc5e3b13ff548a476853d03b8b44	fix(maestro): show dynamic key and ref props (#2799)	pending-response-audit	-	No complete response fixture established by this slice; inspect scoped changes and existing witnesses.
ce3a4f7a9d4718fc8ebbbfbfee00a3cf0e4ff1da	fix(croquis)!: distinguish dynamic directive names (#2797)	pending-response-audit	-	No complete response fixture established by this slice; inspect scoped changes and existing witnesses.
a8caf919aef4dc2a52f9735d146c2fd018a45636	fix(maestro): use semantic script bindings (#2794)	pending-response-audit	-	No complete response fixture established by this slice; inspect scoped changes and existing witnesses.
30c1fa0049a3bf4522b741ec836bcffe359bfb1f	fix(maestro): enrich template component intellisense (#2736)	pending-response-audit	-	No complete response fixture established by this slice; inspect scoped changes and existing witnesses.
df512303bbea4ee354dea25179b54ddf145e85b0	fix: update SFC resource paths on file rename (#2670)	pending-response-audit	-	No complete response fixture established by this slice; inspect scoped changes and existing witnesses.
d960802d31919aa9e7f2394fbd97621868d06a6e	fix(editor): harden LSP production gates (#2643)	pending-response-audit	-	No complete response fixture established by this slice; inspect scoped changes and existing witnesses.
23ab8ad05731d7100207337730e75d2bf6a09dd0	fix(editor): harden Vue authoring LSP support (#2642)	pending-response-audit	-	No complete response fixture established by this slice; inspect scoped changes and existing witnesses.
7f35ef57ab36768ffcd96354f8ca155192aec50b	fix(lsp): resolve module document links (#2595)	pending-response-audit	-	No complete response fixture established by this slice; inspect scoped changes and existing witnesses.
c7c3152089c63babc9451b9572fdba39697fa4b7	fix(lsp): index module composable imports (#2594)	pending-response-audit	-	No complete response fixture established by this slice; inspect scoped changes and existing witnesses.
7723e2100189333f5aedcb7461462540b031556f	fix(lsp): preserve declaration index renames (#2592)	pending-response-audit	-	No complete response fixture established by this slice; inspect scoped changes and existing witnesses.
9cbec2ba41b4aa5dae7a7ce020f6cd8a0874543a	fix(lsp): support module route extensions (#2590)	pending-response-audit	-	No complete response fixture established by this slice; inspect scoped changes and existing witnesses.
6ae3d84c5e861e145298ab3885ff24400c7054d0	fix(lsp): handle module declaration renames (#2580)	pending-response-audit	-	No complete response fixture established by this slice; inspect scoped changes and existing witnesses.
9fa08e49a5e1b11f9936c6d0965554aa1e6b1a22	fix(lsp): update declaration import renames (#2579)	pending-response-audit	-	No complete response fixture established by this slice; inspect scoped changes and existing witnesses.
137486e7c9b5e3aaf5d519e3cffdf95142e0f97c	fix(lsp): cover input image attributes (#2576)	pending-response-audit	-	No complete response fixture established by this slice; inspect scoped changes and existing witnesses.
9df4084d411184201584d90d4fe090a42c4103b8	fix(lsp): cover object legacy attributes (#2575)	pending-response-audit	-	No complete response fixture established by this slice; inspect scoped changes and existing witnesses.
b82ac6f12f5932a282e451c7973e688b9a338dcd	fix(lsp): cover table legacy attributes (#2574)	pending-response-audit	-	No complete response fixture established by this slice; inspect scoped changes and existing witnesses.
26df7458e3c5686c7e4c19f4e51f3fa1bc542a3f	fix(lsp): cover image legacy attributes (#2573)	pending-response-audit	-	No complete response fixture established by this slice; inspect scoped changes and existing witnesses.
cc7fd4abd4a3e95dfaa0a9b4ff4ae0119aa9af7f	fix(lsp): cover iframe legacy attributes (#2572)	pending-response-audit	-	No complete response fixture established by this slice; inspect scoped changes and existing witnesses.
5df08cd59b320f1dbd8d56f8dda599648b3a48bc	fix(lsp): cover linked resource attributes (#2571)	pending-response-audit	-	No complete response fixture established by this slice; inspect scoped changes and existing witnesses.
617f04d3432bcdedc8ddaa2d35edf9edc6bea56a	fix(lsp): cover anchor image-map attributes (#2570)	pending-response-audit	-	No complete response fixture established by this slice; inspect scoped changes and existing witnesses.
8f9f80d7a329c7d9e46c5dc0606efda357cc285f	fix(lsp): link global attribute docs correctly (#2569)	pending-response-audit	-	No complete response fixture established by this slice; inspect scoped changes and existing witnesses.
0059ffb8da838f66e6376968745ae9d38eccd918	fix(lsp): refine MathML tag DOM references (#2568)	pending-response-audit	-	No complete response fixture established by this slice; inspect scoped changes and existing witnesses.
7befb93640c8d6089ec6aae67aff7ecd5b4e1ee4	fix(lsp): omit unmapped SVG DOM tags (#2567)	pending-response-audit	-	No complete response fixture established by this slice; inspect scoped changes and existing witnesses.
7d3ba9902cbd62c5133f18ba9b4f26d7a71b5764	fix(lsp): omit unmapped HTML DOM tags (#2566)	pending-response-audit	-	No complete response fixture established by this slice; inspect scoped changes and existing witnesses.
00508c5b8b46387d7ce637768e7a6c48383d824c	fix(lsp): align HTML attribute DOM properties (#2565)	pending-response-audit	-	No complete response fixture established by this slice; inspect scoped changes and existing witnesses.
f93dd305bbe26e4192a6a74184b634fbceceb60c	fix(lsp): avoid invalid global attribute metadata (#2564)	pending-response-audit	-	No complete response fixture established by this slice; inspect scoped changes and existing witnesses.
2ef58bb59aebd84bd69da6c32ded77a790ba76c2	fix(lsp): remove invalid SVG DOM attribute mappings (#2563)	pending-response-audit	-	No complete response fixture established by this slice; inspect scoped changes and existing witnesses.
e6ae950c1e7c595db5ff43960cab6b3f9a71a207	fix(lsp): reduce template metadata false positives	pending-response-audit	-	No complete response fixture established by this slice; inspect scoped changes and existing witnesses.
7794b09d8ec9c73103b469d66778150be0385ec5	fix(lsp): improve native html template navigation (#2558)	pending-response-audit	-	No complete response fixture established by this slice; inspect scoped changes and existing witnesses.
230d5908ee89bbc85fcd127e89c404f41d2c0229	fix(lsp): reuse croquis prop metadata in hover (#2550)	pending-response-audit	-	No complete response fixture established by this slice; inspect scoped changes and existing witnesses.
6e920da1b4330ba92070099cf687d6cc76aae128	fix(lsp): add native element template hover (#2547)	pending-response-audit	-	No complete response fixture established by this slice; inspect scoped changes and existing witnesses.
b34acb9e2a3a27ea3b4981c41ed64c42367447c2	fix: restore editor navigation and gallery layout (#2462)	pending-response-audit	-	No complete response fixture established by this slice; inspect scoped changes and existing witnesses.
94b2fd146953918c3abe0d3b383fdccfd6e2d162	fix: stabilize main source coverage (#2250)	pending-response-audit	-	No complete response fixture established by this slice; inspect scoped changes and existing witnesses.
14350553e9a06e1a29a7c487eef1a18c5f4b27d2	fix: batch Corsa Vue overlay sync (#2235)	pending-response-audit	-	No complete response fixture established by this slice; inspect scoped changes and existing witnesses.
8e424b91ac3fa4a8832907836ce4c3db2f20563c	fix: stabilize editor Vue virtual imports (#2234)	pending-response-audit	-	No complete response fixture established by this slice; inspect scoped changes and existing witnesses.
2707fc4adf00abc713f8f466e5e8405545113e33	fix: stabilize source coverage vue import test (#2222)	pending-response-audit	-	No complete response fixture established by this slice; inspect scoped changes and existing witnesses.
1d21728c43103aff81708279db4a9be6553eb248	fix: complete template component props (#2221)	pending-response-audit	-	No complete response fixture established by this slice; inspect scoped changes and existing witnesses.
6800ef0c897408ebd089859f86acd4a0d2db8d8f	fix: stabilize Vue LSP imports and template navigation (#2220)	pending-response-audit	-	No complete response fixture established by this slice; inspect scoped changes and existing witnesses.
fb94e1744877e0a7cd6ca2cfcd9e6ec72c55d3ea	fix: centralize Vue Corsa virtual project sync (#2219)	pending-response-audit	-	No complete response fixture established by this slice; inspect scoped changes and existing witnesses.
a21653a671c18ceb2d135aef46db641f53c33c4f	fix: use canonical virtual TS for Vue LSP queries (#2218)	pending-response-audit	-	No complete response fixture established by this slice; inspect scoped changes and existing witnesses.
86c6ee85652ba861c08d3027234a5c471a68f52f	fix(maestro): honor legacy Vue 2 LSP config (#2040)	pending-response-audit	-	No complete response fixture established by this slice; inspect scoped changes and existing witnesses.
d25a270fe1d8e8ce8d15b345d6874caa63079374	fix(formatter): skip script stabilization pass in fmt --check (#1974)	pending-response-audit	-	No complete response fixture established by this slice; inspect scoped changes and existing witnesses.
41084ab94e2a6d747d0418427bdd269b851b3016	fix: resolve template-less SFC imports in editor	pending-response-audit	-	No complete response fixture established by this slice; inspect scoped changes and existing witnesses.
0ab76785e1d310d32183cf963af51dff07556b59	fix: stabilize editor type diagnostics	pending-response-audit	-	No complete response fixture established by this slice; inspect scoped changes and existing witnesses.
59134d67b93e3624c71bbc4e2d8600f54a8d7653	fix: stabilize SFC diagnostics and formatting	pending-response-audit	-	No complete response fixture established by this slice; inspect scoped changes and existing witnesses.
beeb9d20faa6f952a8137b60f531cc37088deccd	fix: release v0.210.1 template diagnostics (#1566)	pending-response-audit	-	No complete response fixture established by this slice; inspect scoped changes and existing witnesses.
5b66e8861d773eda8bccd9b6683574ac731927bf	fix(maestro): stop running the SFC formatter on standalone HTML documents (#1427)	pending-response-audit	-	No complete response fixture established by this slice; inspect scoped changes and existing witnesses.
8252898b62bff2877e7e09dcfb2d98b223c19f9d	fix(canon,maestro): resolve inherited props before template analysis (#1373)	pending-response-audit	-	No complete response fixture established by this slice; inspect scoped changes and existing witnesses.
ede02546da36ed08f1f4dc23bfc168e3e5923581	fix(parser): report stricter HTML parse errors (#1065)	pending-response-audit	-	No complete response fixture established by this slice; inspect scoped changes and existing witnesses.
81b0c40c87bf5a1cf39258ffeec2a0baae6a81cf	fix(diagnostics): emit columns in UTF-16 code units (#988)	pending-response-audit	-	No complete response fixture established by this slice; inspect scoped changes and existing witnesses.
d18ac76edca776c02b104127262e0689678f58ec	fix(maestro): use boundary-safe str access in template definition handler (#976)	pending-response-audit	-	No complete response fixture established by this slice; inspect scoped changes and existing witnesses.
9fbc52cccfc64f1593b39208d069974a54b15a9d	fix(editor): close out remaining #751 / #752 action items (#757)	pending-response-audit	-	No complete response fixture established by this slice; inspect scoped changes and existing witnesses.
1197c785f5172c325be4b907f8af09da38356475	fix(canon,maestro): resolve relative .vue imports in editor Corsa session (#752) (#755)	pending-response-audit	-	No complete response fixture established by this slice; inspect scoped changes and existing witnesses.
c98737e604ab534de8f99bf319ce14450af00965	fix(maestro): align member_access_receiver with CursorContext (#751) (#753)	pending-response-audit	-	No complete response fixture established by this slice; inspect scoped changes and existing witnesses.
7b821f8d0c46c56ab48d0a954def515a9219838e	fix(sfc): point props-destructure default-type diagnostic at the default value (#750)	pending-response-audit	-	No complete response fixture established by this slice; inspect scoped changes and existing witnesses.
6951435b8399486326e749fecb305d32bfa48acb	fix(lsp): list reactive setup bindings once in completion (#746)	pending-response-audit	-	No complete response fixture established by this slice; inspect scoped changes and existing witnesses.
15b97c411d0b28062c921c9d7bb061fd16a77695	fix(lsp): suppress Corsa diagnostics after SFC compile errors (#709)	pending-response-audit	-	No complete response fixture established by this slice; inspect scoped changes and existing witnesses.
d3c8f650b4f2fe5a2fc9e40cef79f682e503c52b	fix(lsp): stop proposing setup bindings at non-ref member access (#703)	pending-response-audit	-	No complete response fixture established by this slice; inspect scoped changes and existing witnesses.
e957538964a4b570e2cdef3a2370c75e41bd28e5	fix: surface SFC compile errors in check and LSP diagnostics (#675)	pending-response-audit	-	No complete response fixture established by this slice; inspect scoped changes and existing witnesses.
ff74a83c379e22e55a8c5dba24a1e20c40722e56	fix(vscode): auto-resolve matching language server (#640)	pending-response-audit	-	No complete response fixture established by this slice; inspect scoped changes and existing witnesses.
84ad16ca4d099ecd589934d7bd7916d5d9ffad53	fix: stabilize Vue virtual typing and Corsa workspaces (#618)	pending-response-audit	-	No complete response fixture established by this slice; inspect scoped changes and existing witnesses.
2e884f7b2df816c675f1473bba681b4429a4f458	fix: improve Vue virtual typing defaults (#617)	pending-response-audit	-	No complete response fixture established by this slice; inspect scoped changes and existing witnesses.
da92410ed425fa7c0bcd156a3fdd2d984086650e	fix: resolve non-experimental issue backlog (#554)	pending-response-audit	-	No complete response fixture established by this slice; inspect scoped changes and existing witnesses.
1c06f394e375fba398a19140529372b817ffe689	fix(tsgo): honor configured Corsa runtime paths	pending-response-audit	-	No complete response fixture established by this slice; inspect scoped changes and existing witnesses.
aba27dd9e8c1bbcc6db1cb96b2785ab7cc659609	fix(ci): stabilize recent issue batch	pending-response-audit	-	No complete response fixture established by this slice; inspect scoped changes and existing witnesses.
051048725ec8ed52ae0e0518738e6365d5e5c3e5	fix(maestro): collect directive semantic token edges (#447)	pending-response-audit	-	No complete response fixture established by this slice; inspect scoped changes and existing witnesses.
8c90f998183efb6aa6d00b36e1143c89ce56442a	fix(lsp): constrain template semantic tokens	pending-response-audit	-	No complete response fixture established by this slice; inspect scoped changes and existing witnesses.
4671a8c0f9c4d0127aba18aa2a108f2e6152de6a	fix(lsp): align code action edits to UTF-16 (#398)	pending-response-audit	-	No complete response fixture established by this slice; inspect scoped changes and existing witnesses.
37d8e8e24e0a44ac251389d0a719d88477cd81f9	fix(lsp): version diagnostic publishes (#395)	pending-response-audit	-	No complete response fixture established by this slice; inspect scoped changes and existing witnesses.
26db417d55ee75e9876ae65ec507df8ba5d1b296	fix(lsp): reject invalid UTF-16 request positions (#374)	external-pack-prepared	8dd742e62b47d5767778cd7fcb8420ec83e1970b	Provider observer pack exists on the identified local commit; not active on this baseline and not whole-fix closure.
f0f26721b61c7b84687bb103781a5c488912c2a9	fix(lsp): correct UTF-16 rename ranges (#371)	pending-response-audit	-	No complete response fixture established by this slice; inspect scoped changes and existing witnesses.
8b3deb24cc89ec63ce5273aeecc8827b39c67a5c	fix(lsp): harden editor navigation and semantic tokens (#367)	pending-response-audit	-	No complete response fixture established by this slice; inspect scoped changes and existing witnesses.
731cce813a41207950923d89099ac2c87047c0b6	fix: reduce unsafe and panic paths (#347)	pending-response-audit	-	No complete response fixture established by this slice; inspect scoped changes and existing witnesses.
4057c94c6d2792bbf37e95ccb49e2ce6989839c7	fix(maestro): reject invalid LSP document positions	pending-response-audit	-	No complete response fixture established by this slice; inspect scoped changes and existing witnesses.
693e5a3954a23f3968e909676ba4d9f7725a372b	fix(lsp): count UTF-16 units in diagnostics (#334)	pending-response-audit	-	No complete response fixture established by this slice; inspect scoped changes and existing witnesses.
0f38177dd9ba5390c62a762c4e708805029d38d2	fix(lsp): handle UTF-16 document positions (#331)	pending-response-audit	-	No complete response fixture established by this slice; inspect scoped changes and existing witnesses.
db60c95ba23161999b0ff5084a0748813ff4dee4	fix(lsp): stop advertising unimplemented providers (#328)	pending-response-audit	-	No complete response fixture established by this slice; inspect scoped changes and existing witnesses.
df2044e5c2383838672f03c6bb4d9301a394d250	fix(lsp): surface sfc lint diagnostics (#324)	pending-response-audit	-	No complete response fixture established by this slice; inspect scoped changes and existing witnesses.
d4237c13e1674d45d50772b0ad9c5707cfbbc4ec	fix(croquis): ignore regex literal identifiers (#314)	pending-response-audit	-	No complete response fixture established by this slice; inspect scoped changes and existing witnesses.
1ad169f31a64a731a0c3a23a28a182fea7645db0	fix(maestro): gate template binding completions (#313)	pending-response-audit	-	No complete response fixture established by this slice; inspect scoped changes and existing witnesses.
24ef6e14324be9c7e2025b8f8317d1c1dbefdd9c	fix(maestro): reduce lsp false positives (#310)	pending-response-audit	-	No complete response fixture established by this slice; inspect scoped changes and existing witnesses.
dadba8c5df2ac90a3a1e982208d8e8ae899d77c6	fix(maestro): surface script parse diagnostics (#308)	pending-response-audit	-	No complete response fixture established by this slice; inspect scoped changes and existing witnesses.
ca314129da941092ade34fccc80341b40bd7e153	fix(lsp): ignore invalid change ranges (#299)	pending-response-audit	-	No complete response fixture established by this slice; inspect scoped changes and existing witnesses.
37d049a2e18a6e1431fd298563453e7602f385ee	fix(lsp): clear stale virtual docs (#298)	pending-response-audit	-	No complete response fixture established by this slice; inspect scoped changes and existing witnesses.
2a2b08f909d13831025d2f6f7c1891969e3ad0fc	fix(lsp): suppress type diagnostics after parse errors (#286)	pending-response-audit	-	No complete response fixture established by this slice; inspect scoped changes and existing witnesses.
88c011c6a44523cfb194ded3a4bbeafc0fd9fd13	fix ci (#165)	pending-response-audit	-	No complete response fixture established by this slice; inspect scoped changes and existing witnesses.
4bffbdc3984b2817bc808a6a3608fa8e0071c90f	fix: use AST spans for script setup sections (#141)	pending-response-audit	-	No complete response fixture established by this slice; inspect scoped changes and existing witnesses.
5b0eb522f43e89c3727e8a39e1e3e393087759c8	fix: publishing	pending-response-audit	-	No complete response fixture established by this slice; inspect scoped changes and existing witnesses.
