fix_commit	category	original_path	original_sha256	current_path	current_sha256	current_test_ranges	authored_input_hashes	local_setup	initialization_options	requests	expected_distinctions	superseded	unresolved	whole_fix_credit	native_credit
ddef7d9268425346f5b01b3da5ed592eb544b6dc	required-response	tests/tooling/lsp-document-highlight.test.ts	6ae6e35fc14315a77062fc2cebf3f95bb38f9021273e9c81c12cc7f57838e24f	tests/tooling/lsp-document-highlight.test.ts	6ae6e35fc14315a77062fc2cebf3f95bb38f9021273e9c81c12cc7f57838e24f	[{"name":"documentHighlight marks the script declaration WRITE and other uses READ","startLine":84,"endLine":134},{"name":"documentHighlight on a tag name reports the matching pair, not every same-named tag","startLine":165,"endLine":202},{"name":"documentHighlight on a tag name highlights open and close tags as TEXT","startLine":204,"endLine":246},{"name":"documentHighlight handles CRLF line endings without column drift","startLine":248,"endLine":279},{"name":"documentHighlight returns null for an empty document","startLine":281,"endLine":299}]	[{"label":"highlight-four-divs","originalSHA256":"a6b9b98ede93ce6a05925dab002db48152949441499a8e362befe2078de3b135","currentSHA256":"a6b9b98ede93ce6a05925dab002db48152949441499a8e362befe2078de3b135","authoredBytesIdentical":true,"literal":"FOUR_DIVS","selectedTest":null},{"label":"highlight-dh","originalSHA256":"00b388e44d389ca87a73008dcc543baf4d90c4ee97b825ed888add69234be7eb","currentSHA256":"00b388e44d389ca87a73008dcc543baf4d90c4ee97b825ed888add69234be7eb","authoredBytesIdentical":true,"literal":"DH_SOURCE","selectedTest":null}]	withSession/openVue unchanged: temp workspace, file on disk, didOpen version 1, wait for this URI diagnostics.	{"editor":true,"lint":false,"typecheck":false}	[{"method":"textDocument/documentHighlight","params":{"textDocument":"opened URI","positionsInSeparateRequests":[{"line":6,"character":6},{"line":6,"character":33},{"line":5,"character":4},{"line":8,"character":4}]}},{"method":"textDocument/documentHighlight","params":"DH_SOURCE declaration/tag offsets and CRLF (1,6), unchanged offsetToPosition expressions."},{"method":"textDocument/hover","params":{"textDocument":"Empty.vue URI","position":{"line":0,"character":0}}}]	{"originalAndCurrent":"Matching pair projections [[6,5,6,8,1],[6,32,6,35,1]]; outer pair and self-closing-only controls unchanged. Other tests assert kinds/counts/ranges, CRLF positions, and empty highlight/hover null.","wholeWire":false}	[]	["Shared tests/tooling/support/lsp/session.ts and launch.ts changed after the fix, including framing/batched-following requests, error IDs, shutdown and source-build launch binding. Whole session equivalence is unresolved.","Cargo.lock and pnpm-lock.yaml changed; older slices also change package.json/tests/package.json. Dependency and actual provider/runtime identity remain unresolved.","Local input/options/request identity is a source claim. No original or current server was executed and no raw wire expectation was established."]	0	0
89771a14f17fb535201f261ca154aa35c6f77d7e	required-response	tests/tooling/lsp-folding-range.test.ts	b1899693038c0fa5d27fe56981074999f7bcdf01748e7065ceaaa4a84094fa2b	tests/tooling/lsp-folding-range.test.ts	830d5ecd06e418e22d688d36b3b0be0612bb9d6eeb923563948bc5f4f5a51c4a	[{"name":"foldingRange folds elements and stops one line before every closing tag","startLine":122,"endLine":146},{"name":"foldingRange emits one region per multi-line block with block-named collapsedText","startLine":148,"endLine":161},{"name":"foldingRange folds a multi-line comment as a comment region","startLine":163,"endLine":180},{"name":"foldingRange returns null when nothing hides a line","startLine":268,"endLine":276}]	[{"label":"fold-four-divs","originalSHA256":"a6b9b98ede93ce6a05925dab002db48152949441499a8e362befe2078de3b135","currentSHA256":"a6b9b98ede93ce6a05925dab002db48152949441499a8e362befe2078de3b135","authoredBytesIdentical":true,"literal":"FOUR_DIVS","selectedTest":null},{"label":"fold-multi-block","originalSHA256":"cd404728c92e2d7ffe6b1a931b32ba64cda9a08e5dc54e2641f8fd0a9b861f2a","currentSHA256":"cd404728c92e2d7ffe6b1a931b32ba64cda9a08e5dc54e2641f8fd0a9b861f2a","authoredBytesIdentical":true,"literal":"MULTI_BLOCK","selectedTest":null},{"label":"fold-comment","originalSHA256":"4abc84fa40fdec42bbc0a3f0cc8dc1bfe6025a4a0f487bfc024550f77fb05a1a","currentSHA256":"4abc84fa40fdec42bbc0a3f0cc8dc1bfe6025a4a0f487bfc024550f77fb05a1a","authoredBytesIdentical":true,"literal":"source","selectedTest":"foldingRange folds a multi-line comment as a comment region"},{"literalSources":["<template><div/></template>\n","<template>\n</template>\n<style>\n</style>\n"],"authoredLiteralExpressionsUnchanged":true}]	Original withSession body remains unchanged: write source at supplied filename, didOpen version 1, URI diagnostics readiness, request then flatten.	{"editor":true,"lint":false,"typecheck":false}	[{"method":"textDocument/foldingRange","params":{"textDocument":"FourDivs.vue / MultiBlock.vue / Comment.vue / OneLine.vue / Empty.vue URI"}}]	{"originalAndCurrentFourDivs":[[4,8,"region","template"],[0,1,"region","script setup"],[5,6,null,null]],"originalAndCurrentComment":[[0,6,"region","template"],[1,2,"comment",null],[4,5,null,null]],"originalMultiBlock":[[4,5,"region","template"],[0,1,"region","script setup"],[8,11,"region","style"],[14,17,"region","style"]],"currentMultiBlockAdds":[[9,10,null,null],[15,16,null,null]],"noLines":"Both tests compare [] after helper maps null -> []; raw null/[] distinction is not proved by the old assertions.","tupleNullNotation":"null denotes JavaScript undefined tuple slots in this JSON inventory, not an asserted wire null.","wholeWire":false}	[{"commit":"6b0942af98071cd23b715275757e03a171312474","subject":"feat(maestro): fold script and style bodies (#3592)","aspect":"MultiBlock expected list gains independent style-rule regions."}]	["Shared tests/tooling/support/lsp/session.ts and launch.ts changed after the fix, including framing/batched-following requests, error IDs, shutdown and source-build launch binding. Whole session equivalence is unresolved.","Cargo.lock and pnpm-lock.yaml changed; older slices also change package.json/tests/package.json. Dependency and actual provider/runtime identity remain unresolved.","Local input/options/request identity is a source claim. No original or current server was executed and no raw wire expectation was established.","Original MultiBlock whole expected response cannot be reused unchanged; later style/script contracts are present at the source pin."]	0	0
4ed90a55eb09ae1a8af7af940056965061c00993	required-response	tests/tooling/lsp-document-features.test.ts	86004d871ff67290acf30e3354c4c23ed3f3ff220ad294d2728b512babd0f277	tests/tooling/lsp-document-features.test.ts	86004d871ff67290acf30e3354c4c23ed3f3ff220ad294d2728b512babd0f277	[{"name":"documentSymbol returns MODULE entries for template/script-setup/style","startLine":107,"endLine":163},{"name":"documentSymbol distinguishes unopened (null) from empty-open (empty array)","startLine":214,"endLine":229},{"name":"documentSymbol line math is correct for a CRLF-terminated SFC","startLine":231,"endLine":261}]	[{"label":"docsymbol-basic","originalSHA256":"7e030b497b2e3559c50bf373d2e3b2ff6c9398708344b5a2f734cd2a3b015590","currentSHA256":"7e030b497b2e3559c50bf373d2e3b2ff6c9398708344b5a2f734cd2a3b015590","authoredBytesIdentical":true,"literal":"source","selectedTest":"documentSymbol returns MODULE entries for template/script-setup/style"},{"literal":"","authoredBytesIdentical":true},{"description":"Crlf.vue uses unchanged seven-line array joined with CRLF plus final CRLF."}]	withSession/openDocument unchanged; disk source plus didOpen version 1 and URI diagnostics readiness.	{"editor":true,"lint":false,"typecheck":false}	[{"method":"textDocument/documentSymbol","params":{"textDocument":"Basic.vue / NeverOpened.vue / Empty.vue / Crlf.vue URI"}},{"method":"textDocument/foldingRange","params":{"textDocument":"empty opened URI"}}]	{"originalAndCurrent":"MODULE entries in [template, script setup, style scoped] discovery order; script detail ts and absent template/style details; tag-name selection widths [1,9],[1,7],[1,6]. Unopened symbols null, empty symbols [], empty folding null; CRLF block line bounds unchanged.","wholeWire":false}	[]	["Shared tests/tooling/support/lsp/session.ts and launch.ts changed after the fix, including framing/batched-following requests, error IDs, shutdown and source-build launch binding. Whole session equivalence is unresolved.","Cargo.lock and pnpm-lock.yaml changed; older slices also change package.json/tests/package.json. Dependency and actual provider/runtime identity remain unresolved.","Local input/options/request identity is a source claim. No original or current server was executed and no raw wire expectation was established."]	0	0
7bebef6ef5275652bdf4bcf54474f89f608f1678	required-response	tests/tooling/lsp-workspace-folder-changes.test.ts	84ee9e787d1efa38f7c6b01291726a620e814fa2dbfb481f9cd271d6bff701ed	tests/tooling/lsp-workspace-folder-changes.test.ts	84ee9e787d1efa38f7c6b01291726a620e814fa2dbfb481f9cd271d6bff701ed	[{"name":"vize lsp revalidates open documents when workspace folders change","startLine":23,"endLine":87}]	[{"label":"workspace-folders-source","originalSHA256":"134b5f1944f7704f4b89485051b91d22a0153ee178afccf182dbd59721701d09","currentSHA256":"134b5f1944f7704f4b89485051b91d22a0153ee178afccf182dbd59721701d09","authoredBytesIdentical":true,"literal":"SOURCE","selectedTest":null}]	root-a/root-b directory structure and root-b vize.config.json disabling vue/require-v-for-key unchanged; List.vue on disk in root-b.	{"editor":true,"lint":true,"typecheck":false}	[{"method":"textDocument/didOpen","params":{"languageId":"vue","version":1,"text":"SOURCE"}},{"method":"workspace/didChangeWorkspaceFolders","params":{"event":{"added":[{"uri":"root-b URI","name":"root-b"}],"removed":[]}}},{"method":"workspace/didChangeWorkspaceFolders","params":{"event":{"added":[],"removed":[{"uri":"root-b URI","name":"root-b"}]}}}]	{"originalAndCurrent":"Version 1 throughout. Filtered require-v-for-key diagnostic count 1 -> 0 -> 1 without document edits; full diagnostics not asserted.","wholeWire":false}	[]	["Shared tests/tooling/support/lsp/session.ts and launch.ts changed after the fix, including framing/batched-following requests, error IDs, shutdown and source-build launch binding. Whole session equivalence is unresolved.","Cargo.lock and pnpm-lock.yaml changed; older slices also change package.json/tests/package.json. Dependency and actual provider/runtime identity remain unresolved.","Local input/options/request identity is a source claim. No original or current server was executed and no raw wire expectation was established."]	0	0
447716ebc8a2d52e810d2be1de6a8166a95e4c32	required-response	tests/tooling/lsp-document-link.test.ts	021b8a7c6897ffb8adcf8b3c62f8ccae66a851e149491457506727407752ceb2	tests/tooling/lsp-document-link.test.ts	1334d150da205ec1f55da1adcf325ea640c1bfb741d5dfb1f41b8a974b45a332	[{"name":"vize lsp documentLink resolves relative imports and ranges","startLine":41,"endLine":146},{"name":"vize lsp documentLink handles multiline imports and ignores inactive specifiers","startLine":148,"endLine":216},{"name":"vize lsp documentLink resolves SFC block src attributes and CSS imports","startLine":218,"endLine":320}]	[{"runtimePath":"Host.vue","originalSHA256":"e8736c9c802ea1884a3902497927fa5fb0e039cf0a6a5dddcb018a32544b90a8","currentSHA256":"e8736c9c802ea1884a3902497927fa5fb0e039cf0a6a5dddcb018a32544b90a8","authoredBytesIdentical":true,"currentSource":"tests/_fixtures/differential/lsp/inactive-imports/Host.vue.txt"},{"runtimePaths":["Multi.vue","Real.vue","Exported.vue"],"originalSHA256":"2f68c54b563ba299788771fed28c8985f9e9f06d385e85b97ac7de833c1d27ac","currentSHA256":"2f68c54b563ba299788771fed28c8985f9e9f06d385e85b97ac7de833c1d27ac","authoredBytesIdentical":true}]	Inactive-import test literals moved into the pinned case archive. Host.vue and Multi.vue/Real.vue/Exported.vue source bytes match the original authored literals; filenames, disk setup and open version 1 retained. Other two test bodies are unchanged.	{"editor":true,"lint":false,"typecheck":false}	[{"method":"textDocument/documentLink","params":{"textDocument":"opened Host.vue URI"}}]	{"original":"Ordered projected basenames [Multi.vue,Real.vue,Exported.vue] and quoted source slices ['./Multi.vue','./Real.vue','./Exported.vue'].","current":"Complete ordered link objects from response.expected.json, SHA256 c655c8a4366b9a93b3dcb135e8987b20b1cc0b862a1ec4f0e3a2fd9e4353c446; runtime materializes only workspace URI.","wholeWire":false}	[]	["Shared tests/tooling/support/lsp/session.ts and launch.ts changed after the fix, including framing/batched-following requests, error IDs, shutdown and source-build launch binding. Whole session equivalence is unresolved.","Cargo.lock and pnpm-lock.yaml changed; older slices also change package.json/tests/package.json. Dependency and actual provider/runtime identity remain unresolved.","Local input/options/request identity is a source claim. No original or current server was executed and no raw wire expectation was established.","Readiness changed from URI-only to exact URI+version 1; assertions strengthened to entire link result. Session source equality is not established for the archived test even though input/options/request parameters are retained."]	0	0
215ca5706f402ed831a3bac0166e96cbc21da286	required-response	tests/tooling/lsp-initial-diagnostics-version.test.ts	f1ff05876733dda0d9b69ce0eef27b9dd386de85625ad4a2a752ccbdc66297de	tests/tooling/lsp-initial-diagnostics-version.test.ts	f1ff05876733dda0d9b69ce0eef27b9dd386de85625ad4a2a752ccbdc66297de	[{"name":"initial sync diagnostics publish before terminal versioned diagnostics","startLine":13,"endLine":71},{"name":"coalesced initial diagnostics retain unsaved dependency types and repairs","startLine":73,"endLine":130}]	[{"label":"initial-sync-source","originalSHA256":"41bb5ac462b78481cee83841835366f9a1a8509a94d64a706621063fe88dc468","currentSHA256":"41bb5ac462b78481cee83841835366f9a1a8509a94d64a706621063fe88dc468","authoredBytesIdentical":true,"literal":"text","selectedTest":"initial sync diagnostics publish before terminal versioned diagnostics"},{"label":"initial-unsaved-source","originalSHA256":"4a3e4433c12a9dca6c3e4fc13c4569526a9996c2d1161da3bd7a4138572cfd0f","currentSHA256":"4a3e4433c12a9dca6c3e4fc13c4569526a9996c2d1161da3bd7a4138572cfd0f","authoredBytesIdentical":true,"literal":"source","selectedTest":"coalesced initial diagnostics retain unsaved dependency types and repairs"},{"literalDiskChild":"<script setup lang=\"ts\">defineProps<{ value: string }>();</script><template />","authoredLiteralExpressionUnchanged":true}]	Both test bodies and config literals unchanged. Initial sync deliberately configures a missing Corsa executable; coalesced case creates Child.vue/Parent.vue plus strict Bundler tsconfig.	[{"editor":true,"lint":true,"typecheck":true},{"editor":true,"lint":false,"typecheck":true}]	[{"method":"textDocument/didOpen","params":"InitialSync.vue version 1."},{"method":"textDocument/didOpen","params":"Child.vue version 1 uses disk.replace('string','number'); Parent.vue version 1 uses source."},{"method":"textDocument/didChange","params":"Child.vue version 2, full contentChanges text=disk."}]	{"originalAndCurrent":"Initial nonempty lint publish has version absent, then terminal version 1. Coalesced child/parent diagnostics: [] / projected numeric codes [2322], then child v2 [] and parent v1 []. Full diagnostic object/order/state trace not asserted.","wholeWire":false}	[{"historicalCommit":"37d8e8e24e0a44ac251389d0a719d88477cd81f9","aspect":"Absolute every-open-publication-versioned wording needs this unversioned provisional-publication exception; initial test was introduced by 56de5ceef0749d3e108402dafbf16de0417fdaef (#5738), retained at 215ca5706."}]	["Shared tests/tooling/support/lsp/session.ts and launch.ts changed after the fix, including framing/batched-following requests, error IDs, shutdown and source-build launch binding. Whole session equivalence is unresolved.","Cargo.lock and pnpm-lock.yaml changed; older slices also change package.json/tests/package.json. Dependency and actual provider/runtime identity remain unresolved.","Local input/options/request identity is a source claim. No original or current server was executed and no raw wire expectation was established."]	0	0
c1545ef05e0f9d78eec28506a98db87dd258739b	required-response	tests/tooling/lsp-inlay-codelens.test.ts	652094db50957d63cfd75d98d3e24cb0cef3ea64b497e967b2a2a8be1509a7e8	tests/tooling/lsp-inlay-codelens.test.ts	652094db50957d63cfd75d98d3e24cb0cef3ea64b497e967b2a2a8be1509a7e8	[{"name":"vize lsp codeLens anchors declarations and labels template/style counts","startLine":156,"endLine":238}]	[{"label":"codelens-source","originalSHA256":"dafb9a5d39983ba540df068b4c792fee3ee390a57e2cba8ea3cb9872dfc74dba","currentSHA256":"dafb9a5d39983ba540df068b4c792fee3ee390a57e2cba8ea3cb9872dfc74dba","authoredBytesIdentical":true,"literal":"source","selectedTest":"vize lsp codeLens anchors declarations and labels template/style counts"}]	Lens.vue authored declaration/reference fixture, disk write, open version 1, URI diagnostics readiness unchanged.	{"editor":true,"lint":false,"typecheck":false}	[{"method":"textDocument/codeLens","params":{"textDocument":"opened Lens.vue URI"}}]	{"originalAndCurrent":"count/doubled/inc lenses at declaration lines and character 0, command vize.findReferences and singular title; twice uses plural title; unused has no lens. Full result/order/extra fields not asserted.","wholeWire":false}	[]	["Shared session.ts changes after this fix (diagnostic timeout reporting); launch.ts is unchanged between this fix and the pin. Shared helper equivalence is unresolved.","Cargo.lock and pnpm-lock.yaml changed; older slices also change package.json/tests/package.json. Dependency and actual provider/runtime identity remain unresolved.","Local input/options/request identity is a source claim. No original or current server was executed and no raw wire expectation was established."]	0	0
c5eea8eed6cf316aaa6ff6daa9e2dabd47a13165	required-response	tests/tooling/lsp-initial-diagnostics-version.test.ts	f1ff05876733dda0d9b69ce0eef27b9dd386de85625ad4a2a752ccbdc66297de	tests/tooling/lsp-initial-diagnostics-version.test.ts	f1ff05876733dda0d9b69ce0eef27b9dd386de85625ad4a2a752ccbdc66297de	[{"name":"initial sync diagnostics publish before terminal versioned diagnostics","startLine":13,"endLine":71},{"name":"coalesced initial diagnostics retain unsaved dependency types and repairs","startLine":73,"endLine":130}]	[{"label":"initial-sync-source","originalSHA256":"41bb5ac462b78481cee83841835366f9a1a8509a94d64a706621063fe88dc468","currentSHA256":"41bb5ac462b78481cee83841835366f9a1a8509a94d64a706621063fe88dc468","authoredBytesIdentical":true,"literal":"text","selectedTest":"initial sync diagnostics publish before terminal versioned diagnostics"},{"label":"initial-unsaved-source","originalSHA256":"4a3e4433c12a9dca6c3e4fc13c4569526a9996c2d1161da3bd7a4138572cfd0f","currentSHA256":"4a3e4433c12a9dca6c3e4fc13c4569526a9996c2d1161da3bd7a4138572cfd0f","authoredBytesIdentical":true,"literal":"source","selectedTest":"coalesced initial diagnostics retain unsaved dependency types and repairs"}]	Same two retained mandatory sessions and byte-identical entire file as the #6260 row; do not duplicate launches to associate this second fix.	[{"editor":true,"lint":true,"typecheck":true},{"editor":true,"lint":false,"typecheck":true}]	[{"method":"textDocument/didOpen","params":"InitialSync v1; Child v1 unsaved number contract; Parent v1 string prop."},{"method":"textDocument/didChange","params":"Child v2 restored string contract."}]	{"originalAndCurrent":"Same absent-version provisional then version-1 terminal and child/parent repair assertions as #6260.","wholeWire":false}	[]	["session.ts, launch.ts, upstream workspace helper and package/pnpm metadata are unchanged between this fix and the pin, but Cargo.lock changes workspace dependencies. Transitive provider equivalence is unresolved.","The typechecked unsaved dependency case uses the upstream workspace/dependency environment; actual Corsa/runtime identity and complete diagnostic objects remain unresolved.","No original or current server was executed and no raw wire expectation was established."]	0	0
044e518c22a7d72fb6b3ccc3d0c8361f816019a9	control	tests/tooling/lsp-document-color.test.ts	b46e2badf5fc3b0bb53296d9692e36be027b34eb1869d9c095ebd4cf14fa2140	tests/tooling/lsp-document-color.test.ts	b46e2badf5fc3b0bb53296d9692e36be027b34eb1869d9c095ebd4cf14fa2140	[{"name":"documentColor reports every supported CSS colour and nothing else","startLine":108,"endLine":139},{"name":"colorPresentation offers hex, rgb, and hsl notation","startLine":141,"endLine":157}]	[{"label":"color-source","originalSHA256":"bb7c51bd440eea9c5d2fbbe4a5243aca13782f91f3b28beb1bae11b849041bd5","currentSHA256":"bb7c51bd440eea9c5d2fbbe4a5243aca13782f91f3b28beb1bae11b849041bd5","authoredBytesIdentical":true,"literal":"SOURCE","selectedTest":null}]	withDocument unchanged: App.vue source on disk, open version 1, URI diagnostics readiness.	{"editor":true,"lint":false,"typecheck":false}	[{"method":"textDocument/documentColor","params":{"textDocument":"App.vue URI"}},{"method":"textDocument/colorPresentation","params":{"textDocument":"App.vue URI","range":{"start":{"line":5,"character":21},"end":{"line":5,"character":25}},"colorsInSeparateRequests":[{"red":1,"green":0,"blue":0,"alpha":1},{"red":0,"green":0,"blue":1,"alpha":0.5}]}}]	{"originalAndCurrent":"Entire three ColorInformation objects: static #f00 at line 5, RGBA blue/0.5 line 10, HSL green/0.5 line 11; script string, text-node and bound-style lookalikes absent. Entire hex/rgb/hsl presentation arrays unchanged.","wholeWire":false}	[]	["Shared tests/tooling/support/lsp/session.ts and launch.ts changed after the fix, including framing/batched-following requests, error IDs, shutdown and source-build launch binding. Whole session equivalence is unresolved.","Cargo.lock and pnpm-lock.yaml changed; older slices also change package.json/tests/package.json. Dependency and actual provider/runtime identity remain unresolved.","Local input/options/request identity is a source claim. No original or current server was executed and no raw wire expectation was established.","This guard/panic fix still needs its actual invalid-span and racing-state requirements; valid color requests and existing router/lifecycle controls do not close them. Color feature authorship is outside this fix-title selection."]	0	0
8e6f6377ce5b14bbd0fdf56e41c7d8c2076880cd	control	tests/tooling/lsp-selection-range.test.ts	dc5547418fcc3cd2e787589bc04e2a8114e95ab200c036019c2f37f1c1246c3f	tests/tooling/lsp-selection-range.test.ts	dc5547418fcc3cd2e787589bc04e2a8114e95ab200c036019c2f37f1c1246c3f	[{"name":"selectionRange expands an interpolation identifier through authored .vue levels","startLine":154,"endLine":174},{"name":"selectionRange expands an attribute value through value, quotes and attribute","startLine":176,"endLine":207},{"name":"selectionRange answers every requested position and keeps chains strictly nested","startLine":209,"endLine":255}]	[{"label":"selection-fixture","originalSHA256":"d8a43b8a5f66d44781b1f786ad73306f36fa5e5c036289463edd3b792e8d17a1","currentSHA256":"d8a43b8a5f66d44781b1f786ad73306f36fa5e5c036289463edd3b792e8d17a1","authoredBytesIdentical":true,"literal":"FIXTURE","selectedTest":null}]	withSelectionRanges unchanged: App.vue on disk, didOpen version 1, then immediate request (no diagnostics readiness wait).	{"editor":true,"lint":false,"typecheck":false}	[{"method":"textDocument/selectionRange","params":{"textDocument":"App.vue URI","positionArraysInSeparateRequests":[[{"line":5,"character":24}],[{"line":5,"character":15}],[{"line":1,"character":8},{"line":5,"character":4},{"line":5,"character":24}]]}}]	{"originalAndCurrent":"Exact flattened range chains and nesting checks unchanged; documented bare start-tag-interior difference from Vue LS retained. Flattening is not full object/envelope comparison.","wholeWire":false}	[]	["Shared tests/tooling/support/lsp/session.ts and launch.ts changed after the fix, including framing/batched-following requests, error IDs, shutdown and source-build launch binding. Whole session equivalence is unresolved.","Cargo.lock and pnpm-lock.yaml changed; older slices also change package.json/tests/package.json. Dependency and actual provider/runtime identity remain unresolved.","Local input/options/request identity is a source claim. No original or current server was executed and no raw wire expectation was established.","Checked invalid spans/facts and Unicode inlay-hint progress introduced by this broad guard fix still need their own witnesses. The selection feature's authored test origin is outside this fix-title selection."]	0	0
