scope	category	file	alloc_vec_direct	alloc_vec_bound	l0_string_direct	l0_string_bound	arena_vec_direct	arena_vec_bound	small_vec_direct	small_vec_bound
infra	analysis	davinci/vize_l0/src/diag.rs	1	2	1	7	0	0	0	0
infra	analysis	davinci/vize_l0/src/diag/witness.rs	1	2	0	0	0	0	0	0
infra	-	davinci/vize_l0/src/diag/witness/key.rs	0	0	1	2	0	0	0	0
infra	-	davinci/vize_l0/src/fact/alpha.rs	0	0	1	2	0	0	0	0
infra	-	davinci/vize_l0/src/fact/expression.rs	0	0	1	2	0	0	0	0
infra	analysis	davinci/vize_l0/src/fact/table.rs	1	7	0	0	0	0	0	0
infra	-	davinci/vize_l0/src/dump.rs	0	0	1	4	0	0	0	0
infra	contract	davinci/vize_l0/src/dump/collector.rs	1	2	1	7	0	0	0	0
infra	contract	davinci/vize_l0/src/dump/page.rs	1	2	1	2	0	0	0	0
infra	contract	davinci/vize_l0/src/dump/plan.rs	1	2	1	6	0	0	0	0
infra	contract	davinci/vize_l0/src/dump/remarks.rs	1	3	1	10	0	0	0	0
infra	analysis	davinci/vize_l0/src/dump/remarks/backlog.rs	1	2	1	10	0	0	0	0
infra	contract	davinci/vize_l0/src/dump/remarks/corpus.rs	1	3	1	12	0	0	0	0
infra	analysis	davinci/vize_l0/src/dump/remarks/diff.rs	1	2	1	1	0	0	0	0
infra	contract	davinci/vize_l0/src/dump/remarks/parse.rs	1	2	1	8	0	0	0	0
infra	-	davinci/vize_l0/src/dump/value.rs	0	0	1	2	0	0	0	0
infra	analysis	davinci/vize_l0/src/pass/observer/remark/record.rs	1	4	1	10	0	0	0	0
infra	analysis	davinci/vize_l0/src/pass/pipeline.rs	1	4	1	2	0	0	0	0
infra	analysis	davinci/vize_l0/src/side_table.rs	1	2	0	0	0	0	0	0
l2	contract	davinci/vize_l2/src/summary.rs	1	13	1	10	0	0	0	0
l2	-	davinci/vize_l2/src/summary/facet.rs	0	0	1	9	0	0	0	0
l2	contract	davinci/vize_l2/src/summary/dump.rs	1	2	1	9	0	0	0	0
l2	contract	davinci/vize_l2/src/summary/global.rs	1	11	1	14	0	0	0	0
l2	analysis	davinci/vize_l2/src/summary/usage.rs	1	3	1	4	0	0	0	0
infra	analysis	davinci/vize_l0/src/diag/verify/audit.rs	1	2	0	0	0	0	0	0
l1	-	davinci/vize_l1/src/build.rs	0	0	0	0	1	5	0	0
l1	-	davinci/vize_l1/src/build/scope.rs	0	0	0	0	1	2	0	0
l1	-	davinci/vize_l1/src/build/tag.rs	0	0	0	0	1	4	0	0
l1	-	davinci/vize_l1/src/container.rs	0	0	0	0	1	3	0	0
l1	-	davinci/vize_l1/src/container/vue.rs	0	0	0	0	1	2	0	0
l1	-	davinci/vize_l1/src/container/vue/scan.rs	0	0	0	0	1	2	0	0
l1	-	davinci/vize_l1/src/dialect/vue3/surface.rs	0	0	0	0	1	3	0	0
l1	-	davinci/vize_l1/src/dialect/vue3/surface/sink.rs	0	0	0	0	1	4	0	0
l1	-	davinci/vize_l1/src/embed/source.rs	0	0	1	2	1	2	0	0
l1	-	davinci/vize_l1/src/embed/source/map.rs	0	0	0	0	1	1	0	0
l1	analysis	davinci/vize_l1/src/embed/source/tests.rs	1	1	0	0	0	0	0	0
l1	-	davinci/vize_l1/src/embed/syntax.rs	0	0	1	1	0	0	0	0
l1	analysis	davinci/vize_l1/src/embed/syntax/tests.rs	1	4	0	0	0	0	0	0
l1	-	davinci/vize_l1/src/markup/lex/compat/facade_tests.rs	0	0	1	3	0	0	0	0
l1	-	davinci/vize_l1/src/markup/lex/compat/tests.rs	0	0	0	0	0	0	1	2
l1	-	davinci/vize_l1/src/markup/lex/native/dynamic_arg.rs	0	0	0	0	0	0	1	1
l1	-	davinci/vize_l1/src/markup/lex/native/dynamic_arg/tests.rs	0	0	0	0	0	0	1	2
l1	-	davinci/vize_l1/src/markup/lex/native/tests.rs	0	0	0	0	0	0	1	4
l1	-	davinci/vize_l1/src/event.rs	0	0	0	0	1	2	0	0
l1	-	davinci/vize_l1/src/event/tests.rs	0	0	0	0	1	4	0	0
l1	analysis	davinci/vize_l1/src/lang/moonbit/lines.rs	1	1	0	0	0	0	0	0
l1	-	davinci/vize_l1/src/parse.rs	0	0	0	0	1	12	0	0
l1	-	davinci/vize_l1/src/pug.rs	0	0	0	0	1	6	0	0
l1	-	davinci/vize_l1/src/pug/build.rs	0	0	0	0	1	7	0	0
l1	-	davinci/vize_l1/src/pug/build/tag.rs	0	0	0	0	1	4	0	0
l1	-	davinci/vize_l1/src/pug/build/text.rs	0	0	0	0	1	5	0	0
l1	-	davinci/vize_l1/src/pug/chars.rs	0	0	0	0	1	4	0	0
l1	-	davinci/vize_l1/src/pug/lex.rs	0	0	0	0	1	8	0	0
l1	-	davinci/vize_l1/src/pug/lex/text.rs	0	0	0	0	1	4	0	0
l1	-	davinci/vize_l1/src/pug/logical.rs	0	0	0	0	1	5	0	0
l1	-	davinci/vize_l1/src/pug/tree.rs	0	0	0	0	1	11	0	0
l1	-	davinci/vize_l1/src/surface.rs	0	0	0	0	1	3	0	0
l2	analysis	davinci/vize_l2/src/expr/filter.rs	2	0	0	0	1	2	0	0
l2	-	davinci/vize_l2/src/expr/foreign.rs	0	0	0	0	1	1	0	0
l2	analysis	davinci/vize_l2/src/lang/moonbit/mod.rs	1	4	0	0	0	0	0	0
l2	analysis	davinci/vize_l2/src/lang/moonbit/scan.rs	1	3	0	0	0	0	0	0
l2	contract	davinci/vize_l2/src/artifact.rs	1	1	0	0	0	0	0	0
l2	contract	davinci/vize_l2/src/artifact/builder.rs	1	3	0	0	8	0	0	0
l2	-	davinci/vize_l2/src/artifact/builder/region.rs	0	0	0	0	2	0	0	0
l2	analysis	davinci/vize_l2/src/artifact/builder/tests.rs	1	0	1	6	1	7	0	0
l2	analysis	davinci/vize_l2/src/artifact/tests.rs	1	9	1	6	1	9	0	0
l2	contract	davinci/vize_l2/src/dump.rs	1	1	1	0	0	0	0	0
l2	contract	davinci/vize_l2/src/dump/owned.rs	1	14	1	14	0	0	0	0
l2	contract	davinci/vize_l2/src/dump/owned/binding.rs	1	7	1	13	0	0	0	0
l2	-	davinci/vize_l2/src/dump/owned/expr.rs	0	0	1	10	0	0	0	0
l2	contract	davinci/vize_l2/src/dump/parse.rs	1	4	1	0	0	0	0	0
l2	contract	davinci/vize_l2/src/dump/parse/binding_line.rs	1	8	1	3	0	0	0	0
l2	-	davinci/vize_l2/src/dump/parse/expr_token.rs	0	0	1	1	0	0	0	0
l2	contract	davinci/vize_l2/src/dump/parse/line.rs	12	0	1	6	0	0	0	0
l2	-	davinci/vize_l2/src/dump/print/binding.rs	0	0	1	1	0	0	0	0
l2	contract	davinci/vize_l2/src/dump/provenance.rs	1	1	1	4	0	0	0	0
l2	-	davinci/vize_l2/src/op.rs	0	0	0	0	1	1	0	0
l2	-	davinci/vize_l2/src/op/bind.rs	0	0	0	0	1	2	0	0
l2	-	davinci/vize_l2/src/op/control.rs	0	0	0	0	1	1	0	0
l2	-	davinci/vize_l2/src/op/element.rs	0	0	0	0	1	4	0	0
l2	-	davinci/vize_l2/src/op/model.rs	0	0	0	0	1	1	0	0
l2	-	davinci/vize_l2/src/op/slot.rs	0	0	0	0	1	3	0	0
l2	-	davinci/vize_l2/src/op/vue.rs	0	0	0	0	1	2	0	0
l2	-	davinci/vize_l2/src/provenance.rs	0	0	1	3	0	0	0	0
l2	analysis	davinci/vize_l2/src/scope.rs	1	1	1	2	0	0	0	0
l2	analysis	davinci/vize_l2/src/verify.rs	1	4	1	1	0	0	0	0
l2	-	davinci/vize_l2/src/verify/observer.rs	0	0	1	1	0	0	0	0
l2	analysis	davinci/vize_l2/src/verify/walk.rs	1	5	0	0	0	0	0	0
l3	analysis	davinci/vize_l3/src/decision/build.rs	1	5	0	0	0	0	0	0
l3	analysis	davinci/vize_l3/src/decision/mod.rs	1	1	0	0	0	0	0	0
l3	pass	davinci/vize_l3/src/extract.rs	1	3	0	0	0	0	0	0
l3	contract	davinci/vize_l3/src/extract/dump.rs	1	1	1	2	0	0	0	0
l3	pass	davinci/vize_l3/src/extract/measure.rs	1	14	0	0	0	0	0	0
l3	pass	davinci/vize_l3/src/extract/report.rs	1	1	0	0	0	0	0	0
l3	contract	davinci/vize_l3/src/dump.rs	1	4	1	4	0	0	0	0
l3	contract	davinci/vize_l3/src/lattice/dump.rs	1	1	0	0	0	0	0	0
l3	-	davinci/vize_l3/src/lattice/evaluate.rs	0	0	0	0	1	2	0	0
l3	-	davinci/vize_l3/src/op/program.rs	0	0	0	0	1	12	0	0
l3	pass	davinci/vize_l3/src/placement/annotate.rs	1	10	0	0	0	0	0	0
l3	analysis	davinci/vize_l3/src/placement/facts.rs	1	9	0	0	0	0	0	0
l3	contract	davinci/vize_l3/src/placement/dump.rs	1	1	0	0	0	0	0	0
l3	-	davinci/vize_l3/src/trace.rs	0	0	1	4	0	0	0	0
l3	contract	davinci/vize_l3/src/values_dump.rs	1	1	1	10	0	0	0	0
l3	analysis	davinci/vize_l3/src/verify.rs	1	8	0	0	0	0	0	0
l3	analysis	davinci/vize_l3/src/verify/operands.rs	1	1	0	0	0	0	0	0
l3	analysis	davinci/vize_l3/src/verify/placement.rs	1	3	1	6	0	0	0	0
l3	-	davinci/vize_l3/src/verify/violation.rs	0	0	1	1	0	0	0	0
l2_to_l3	-	davinci/vize_l2_to_l3/src/partition.rs	0	0	0	0	1	2	0	0
l2_to_l3	contract	davinci/vize_l2_to_l3/src/partition/dump.rs	1	1	0	0	0	0	0	0
l1_to_l2	emit	davinci/vize_l1_to_l2/src/emit.rs	1	2	1	1	0	0	0	0
l1_to_l2	-	davinci/vize_l1_to_l2/src/emit/budget.rs	0	0	1	1	0	0	0	0
l1_to_l2	emit	davinci/vize_l1_to_l2/src/emit/buf.rs	1	8	1	8	0	0	0	0
l1_to_l2	emit	davinci/vize_l1_to_l2/src/emit/buf/helper_order.rs	1	2	0	0	0	0	0	0
l1_to_l2	-	davinci/vize_l1_to_l2/src/emit/buf/preamble.rs	0	0	1	3	0	0	0	0
l1_to_l2	emit	davinci/vize_l1_to_l2/src/emit/cache_slots.rs	1	2	1	1	0	0	0	0
l1_to_l2	-	davinci/vize_l1_to_l2/src/emit/component/binding.rs	0	0	1	6	0	0	0	0
l1_to_l2	emit	davinci/vize_l1_to_l2/src/emit/component/call_props.rs	1	1	0	0	0	0	0	0
l1_to_l2	emit	davinci/vize_l1_to_l2/src/emit/component/preamble.rs	1	4	0	0	0	0	0	0
l1_to_l2	emit	davinci/vize_l1_to_l2/src/emit/constant_expr.rs	1	5	1	2	0	0	0	0
l1_to_l2	emit	davinci/vize_l1_to_l2/src/emit/create_slots.rs	1	5	0	0	0	0	0	0
l1_to_l2	emit	davinci/vize_l1_to_l2/src/emit/create_slots/entry.rs	1	1	1	2	0	0	0	0
l1_to_l2	-	davinci/vize_l1_to_l2/src/emit/cx.rs	0	0	1	11	0	0	0	0
l1_to_l2	emit	davinci/vize_l1_to_l2/src/emit/directive.rs	1	7	2	0	0	0	0	0
l1_to_l2	-	davinci/vize_l1_to_l2/src/emit/entity.rs	0	0	1	9	0	0	0	0
l1_to_l2	-	davinci/vize_l1_to_l2/src/emit/entry.rs	0	0	1	3	0	0	0	0
l1_to_l2	-	davinci/vize_l1_to_l2/src/emit/filter.rs	0	0	1	1	0	0	0	0
l1_to_l2	pass	davinci/vize_l1_to_l2/src/emit/helper_preference/unref.rs	1	5	3	0	0	0	0	0
l1_to_l2	-	davinci/vize_l1_to_l2/src/emit/hoist.rs	0	0	1	8	0	0	0	0
l1_to_l2	-	davinci/vize_l1_to_l2/src/emit/hoist/cached_props.rs	0	0	1	1	0	0	0	0
l1_to_l2	emit	davinci/vize_l1_to_l2/src/emit/hoist/kids.rs	1	1	1	9	0	0	0	0
l1_to_l2	emit	davinci/vize_l1_to_l2/src/emit/hoist/props.rs	1	3	1	6	0	0	0	0
l1_to_l2	-	davinci/vize_l1_to_l2/src/emit/js.rs	0	0	1	6	0	0	0	0
l1_to_l2	-	davinci/vize_l1_to_l2/src/emit/js_comment.rs	0	0	1	3	0	0	0	0
l1_to_l2	-	davinci/vize_l1_to_l2/src/emit/memo.rs	0	0	2	0	0	0	0	0
l1_to_l2	emit	davinci/vize_l1_to_l2/src/emit/merge.rs	1	1	1	3	0	0	0	0
l1_to_l2	emit	davinci/vize_l1_to_l2/src/emit/merge/args.rs	1	7	0	0	0	0	0	0
l1_to_l2	emit	davinci/vize_l1_to_l2/src/emit/model.rs	1	6	1	9	0	0	0	0
l1_to_l2	-	davinci/vize_l1_to_l2/src/emit/model_key.rs	0	0	1	8	0	0	0	0
l1_to_l2	-	davinci/vize_l1_to_l2/src/emit/on.rs	0	0	1	5	0	0	1	3
l1_to_l2	emit	davinci/vize_l1_to_l2/src/emit/on_dynamic.rs	1	5	0	0	0	0	0	0
l1_to_l2	emit	davinci/vize_l1_to_l2/src/emit/options.rs	1	6	1	9	0	0	0	0
l1_to_l2	-	davinci/vize_l1_to_l2/src/emit/options/reactive.rs	0	0	1	1	0	0	0	0
l1_to_l2	emit	davinci/vize_l1_to_l2/src/emit/patch.rs	1	3	1	5	0	0	0	0
l1_to_l2	-	davinci/vize_l1_to_l2/src/emit/patch/storage.rs	0	0	1	1	0	0	1	3
l1_to_l2	-	davinci/vize_l1_to_l2/src/emit/patch/tests.rs	0	0	0	0	1	0	0	0
l1_to_l2	-	davinci/vize_l1_to_l2/src/emit/prefix.rs	0	0	1	11	0	0	0	0
l1_to_l2	-	davinci/vize_l1_to_l2/src/emit/prefix/aliases.rs	0	0	1	8	0	0	0	0
l1_to_l2	emit	davinci/vize_l1_to_l2/src/emit/prefix/codegen_visitor.rs	1	9	1	11	0	0	0	0
l1_to_l2	emit	davinci/vize_l1_to_l2/src/emit/prefix/collector.rs	1	10	1	10	0	0	0	0
l1_to_l2	-	davinci/vize_l1_to_l2/src/emit/prefix/handler.rs	0	0	1	9	0	0	0	0
l1_to_l2	emit	davinci/vize_l1_to_l2/src/emit/prefix/params.rs	1	7	1	6	0	0	1	4
l1_to_l2	-	davinci/vize_l1_to_l2/src/emit/prefix/rewrite.rs	0	0	1	13	0	0	0	0
l1_to_l2	emit	davinci/vize_l1_to_l2/src/emit/prefix/scope.rs	1	2	1	7	0	0	1	1
l1_to_l2	emit	davinci/vize_l1_to_l2/src/emit/prefix/slot_defaults.rs	1	7	1	8	0	0	0	0
l1_to_l2	emit	davinci/vize_l1_to_l2/src/emit/prefix/splice.rs	1	4	1	12	0	0	0	0
l1_to_l2	-	davinci/vize_l1_to_l2/src/emit/prefix/strip.rs	0	0	1	7	0	0	0	0
l1_to_l2	-	davinci/vize_l1_to_l2/src/emit/prefix/typescript.rs	0	0	1	11	0	0	0	0
l1_to_l2	-	davinci/vize_l1_to_l2/src/emit/prefix/var_bindings.rs	0	0	0	0	0	0	1	0
l1_to_l2	-	davinci/vize_l1_to_l2/src/emit/props/constness.rs	0	0	1	2	0	0	0	0
l1_to_l2	-	davinci/vize_l1_to_l2/src/emit/props/ts_view.rs	0	0	1	3	0	0	0	0
l1_to_l2	emit	davinci/vize_l1_to_l2/src/emit/props_bind.rs	1	5	1	2	0	0	0	0
l1_to_l2	-	davinci/vize_l1_to_l2/src/emit/props_dynamic.rs	0	0	1	1	0	0	0	0
l1_to_l2	emit	davinci/vize_l1_to_l2/src/emit/props_object.rs	1	2	0	0	0	0	0	0
l1_to_l2	emit	davinci/vize_l1_to_l2/src/emit/props_object/pieces.rs	1	3	0	0	0	0	0	0
l1_to_l2	-	davinci/vize_l1_to_l2/src/emit/props_object_merge.rs	0	0	1	1	0	0	0	0
l1_to_l2	-	davinci/vize_l1_to_l2/src/emit/props_static.rs	0	0	1	7	0	0	0	0
l1_to_l2	emit	davinci/vize_l1_to_l2/src/emit/props_static/root_hoist.rs	1	1	1	6	0	0	0	0
l1_to_l2	emit	davinci/vize_l1_to_l2/src/emit/run.rs	1	2	0	0	0	0	0	0
l1_to_l2	-	davinci/vize_l1_to_l2/src/emit/props_static/hoist_pair.rs	0	0	1	8	0	0	0	0
l1_to_l2	-	davinci/vize_l1_to_l2/src/emit/props_static/legacy_constant.rs	0	0	1	1	0	0	0	0
l1_to_l2	emit	davinci/vize_l1_to_l2/src/emit/props_object/hoist_gap.rs	1	5	1	2	0	0	0	0
l1_to_l2	emit	davinci/vize_l1_to_l2/src/emit/slots.rs	1	3	0	0	0	0	0	0
l1_to_l2	emit	davinci/vize_l1_to_l2/src/emit/slots/capture.rs	1	2	1	2	0	0	0	0
l1_to_l2	emit	davinci/vize_l1_to_l2/src/emit/slots/group.rs	1	3	0	0	0	0	0	0
l1_to_l2	-	davinci/vize_l1_to_l2/src/emit/tpl.rs	0	0	1	3	0	0	0	0
l1_to_l2	-	davinci/vize_l1_to_l2/src/emit/transform_expr.rs	0	0	1	2	0	0	0	0
l1_to_l2	-	davinci/vize_l1_to_l2/src/emit/vfor/keys.rs	0	0	1	5	0	0	0	0
l1_to_l2	-	davinci/vize_l1_to_l2/src/emit/vif.rs	0	0	1	2	0	0	0	0
l1_to_l2	lower	davinci/vize_l1_to_l2/src/lower.rs	1	3	1	2	1	0	0	0
l1_to_l2	lower	davinci/vize_l1_to_l2/src/lower/binding.rs	1	1	1	9	1	7	0	0
l1_to_l2	-	davinci/vize_l1_to_l2/src/lower/bindop.rs	0	0	1	2	1	6	0	0
l1_to_l2	-	davinci/vize_l1_to_l2/src/lower/cloak.rs	0	0	1	1	0	0	0	0
l1_to_l2	-	davinci/vize_l1_to_l2/src/lower/css.rs	0	0	0	0	1	3	0	0
l1_to_l2	lower	davinci/vize_l1_to_l2/src/lower/cx.rs	1	5	1	9	0	0	0	0
l1_to_l2	lower	davinci/vize_l1_to_l2/src/lower/directive.rs	1	6	0	0	0	0	0	0
l1_to_l2	lower	davinci/vize_l1_to_l2/src/lower/element.rs	1	2	1	1	1	4	0	0
l1_to_l2	-	davinci/vize_l1_to_l2/src/lower/expr.rs	0	0	1	4	1	0	0	0
l1_to_l2	lower	davinci/vize_l1_to_l2/src/lower/forop.rs	1	3	1	7	1	2	0	0
l1_to_l2	lower	davinci/vize_l1_to_l2/src/lower/if_keys.rs	1	2	1	8	1	3	0	0
l1_to_l2	-	davinci/vize_l1_to_l2/src/lower/html.rs	0	0	1	2	0	0	0	0
l1_to_l2	-	davinci/vize_l1_to_l2/src/lower/leaf.rs	0	0	1	6	1	5	0	0
l1_to_l2	-	davinci/vize_l1_to_l2/src/lower/once_memo.rs	0	0	1	3	0	0	0	0
l1_to_l2	analysis	davinci/vize_l1_to_l2/src/lower/pug.rs	1	2	1	1	0	0	0	0
l1_to_l2	lower	davinci/vize_l1_to_l2/src/lower/pug/attrs.rs	1	6	1	12	0	0	0	0
l1_to_l2	analysis	davinci/vize_l1_to_l2/src/lower/pug/emit.rs	1	2	1	8	0	0	0	0
l1_to_l2	-	davinci/vize_l1_to_l2/src/lower/pug/literal.rs	0	0	1	10	0	0	0	0
l1_to_l2	lower	davinci/vize_l1_to_l2/src/lower/pug/map.rs	1	1	0	0	0	0	0	0
l1_to_l2	-	davinci/vize_l1_to_l2/src/lower/pug/refusal.rs	0	0	1	1	0	0	0	0
l1_to_l2	-	davinci/vize_l1_to_l2/src/lower/pug/view.rs	0	0	1	2	0	0	0	0
l1_to_l2	-	davinci/vize_l1_to_l2/src/lower/show.rs	0	0	1	2	0	0	0	0
l1_to_l2	-	davinci/vize_l1_to_l2/src/lower/slot.rs	0	0	1	4	1	4	0	0
l1_to_l2	lower	davinci/vize_l1_to_l2/src/lower/structural.rs	1	14	1	4	1	14	0	0
l1_to_l2	lower	davinci/vize_l1_to_l2/src/lower/structural/wrapper.rs	1	7	1	15	0	0	0	0
l1_to_l2	lower	davinci/vize_l1_to_l2/src/lower/sugar.rs	1	1	1	2	0	0	0	0
l1_to_l2	-	davinci/vize_l1_to_l2/src/lower/table.rs	0	0	0	0	1	11	0	0
l1_to_l2	lower	davinci/vize_l1_to_l2/src/lower/text.rs	1	1	1	3	0	0	0	0
l1_to_l2	lower	davinci/vize_l1_to_l2/src/lower/text/condense.rs	1	5	1	2	0	0	0	0
l1_to_l2	lower	davinci/vize_l1_to_l2/src/lower/text/run.rs	1	3	1	8	3	0	0	0
l1_to_l2	-	davinci/vize_l1_to_l2/src/lower/vfor.rs	0	0	0	0	0	0	1	1
l1_to_l2	-	davinci/vize_l1_to_l2/src/lower/vtext.rs	0	0	1	2	0	0	0	0
l1_to_l2	pass	davinci/vize_l1_to_l2/src/pass/cfg.rs	1	2	0	0	0	0	0	0
l1_to_l2	-	davinci/vize_l1_to_l2/src/pass/cfg/print.rs	0	0	1	4	0	0	0	0
l1_to_l2	pass	davinci/vize_l1_to_l2/src/pass/hoist/consts.rs	1	5	4	0	0	0	0	0
l1_to_l2	pass	davinci/vize_l1_to_l2/src/pass/hoist/lattice.rs	1	3	2	0	0	0	0	0
l1_to_l2	pass	davinci/vize_l1_to_l2/src/dialect/legalize.rs	1	0	1	1	0	0	0	0
l1_to_l2	pass	davinci/vize_l1_to_l2/src/dialect/legalize/filter.rs	1	4	1	11	0	0	0	0
l1_to_l2	pass	davinci/vize_l1_to_l2/src/dialect/legalize/filter/compound.rs	1	1	1	1	0	0	0	0
l1_to_l2	pass	davinci/vize_l1_to_l2/src/dialect/legalize/ids.rs	1	5	0	0	0	0	0	0
l1_to_l2	-	davinci/vize_l1_to_l2/src/dialect/legalize/on.rs	0	0	0	0	1	2	0	0
l1_to_l2	-	davinci/vize_l1_to_l2/src/dialect/legalize/slot.rs	0	0	0	0	1	2	0	0
l1_to_l2	-	davinci/vize_l1_to_l2/src/dialect/legalize/sync.rs	0	0	1	2	1	5	0	0
l1_to_l2	-	davinci/vize_l1_to_l2/src/dialect/legalize/tree.rs	0	0	0	0	1	1	0	0
l1_to_l2	pass	davinci/vize_l1_to_l2/src/pass/text.rs	1	1	0	0	0	0	0	0
l1_to_l2	pass	davinci/vize_l1_to_l2/src/pass/vmodel.rs	1	10	1	13	0	0	0	0
l1_to_l2	pass	davinci/vize_l1_to_l2/src/pass/vmodel/check.rs	1	1	1	5	0	0	0	0
l1_to_l2	pass	davinci/vize_l1_to_l2/src/pass/vslot.rs	1	2	1	4	0	0	0	0
l1_to_l2	pass	davinci/vize_l1_to_l2/src/pass/vslot/consume.rs	1	8	1	6	0	0	0	0
l1_to_l2	pass	davinci/vize_l1_to_l2/src/pass/vslot/group.rs	1	6	1	11	0	0	0	0
l1_to_l2	pass	davinci/vize_l1_to_l2/src/pass/vslot/spell.rs	1	1	1	10	0	0	0	0
l1_to_l2	analysis	davinci/vize_l1_to_l2/src/partial.rs	1	7	1	1	0	0	0	0
l1_to_l2	lower	davinci/vize_l1_to_l2/src/partial/page.rs	1	12	1	2	0	0	0	0
infra	contract	davinci/vize_l0/src/dump/capture.rs	1	11	0	0	0	0	0	0
infra	-	davinci/vize_l0/src/dump/json.rs	0	0	1	1	0	0	0	0
