file	spelling
crates/vize_s1_to_s2/tests/davinci_dom_corpus.rs	@contextmenu.prevent
crates/vize_s1_to_s2/tests/davinci_dom_corpus_bindings.rs	@keyup.enter
crates/vize_s1_to_s2/tests/emit_create_slots/dynamic_entries.rs	@click.prevent
crates/vize_s1_to_s2/tests/emit_dirs.rs	@click.stop
crates/vize_s1_to_s2/tests/emit_dirs.rs	@keyup.enter
crates/vize_s1_to_s2/tests/emit_dirs.rs	@click.prevent
crates/vize_s1_to_s2/tests/emit_dirs.rs	@keydown.enter.prevent
crates/vize_s1_to_s2/tests/emit_dirs.rs	@keyup.enter
crates/vize_s1_to_s2/tests/emit_dirs.rs	@click.prevent.stop
crates/vize_s1_to_s2/tests/emit_merge/object_on_and_multiline.rs	@keydown.enter.prevent
crates/vize_s1_to_s2/tests/emit_on.rs	@click.stop
crates/vize_s1_to_s2/tests/emit_on.rs	@click.prevent.stop
crates/vize_s1_to_s2/tests/emit_on.rs	@click.capture
crates/vize_s1_to_s2/tests/emit_on.rs	@click.right
crates/vize_s1_to_s2/tests/emit_on.rs	@keyup.enter
crates/vize_s1_to_s2/tests/emit_on.rs	@keyup.enter.stop
crates/vize_s1_to_s2/tests/emit_on.rs	@click.native
crates/vize_s1_to_s2/tests/emit_on.rs	@click.ctrl
crates/vize_s1_to_s2/tests/emit_on.rs	@click.once
crates/vize_s1_to_s2/tests/emit_on_handler_body.rs	@click.stop.prevent
crates/vize_s1_to_s2/tests/emit_on_handler_body.rs	@keyup.d
crates/vize_s1_to_s2/tests/emit_on_handler_body.rs	@contextmenu.prevent
crates/vize_s1_to_s2/tests/emit_outlets.rs	@click.stop
crates/vize_s1_to_s2/tests/fixtures/complexity/constructs.vue	@keyup.enter
crates/vize_s1_to_s2/tests/fixtures/vmodel/bindings.vue	@submit.prevent
crates/vize_s1_to_s2/tests/legacy_pass.rs	@click.native
crates/vize_s1_to_s2/tests/legacy_pass.rs	@keyup.13
crates/vize_s1_to_s2/tests/legacy_pass.rs	@click.native
crates/vize_s1_to_s2/tests/legacy_pass.rs	@keyup.13
crates/vize_s1_to_s2/tests/lowering_elements.rs	@click.stop.prevent
